"READ_CODE","DESCRIPTION","VERSION","ANTIBIOTICS"
y0El3,Hydrocortisone+dimeticone ... Hydrocortisone+dimeticone '350' ... ,"3","0"
y03LX,Oral prednisolone ...  ... ,"3","0"
y00uL,Vioform-hydrocort ointment 30g ... Vioform-hydrocortisone ointment 30g ... ,"3","0"
y0AiQ,Vioform Hydrocortisone ...  ... ,"3","0"
y0Bsd,Prednisolone product ...  ... ,"3","0"
y0Bsv,Ciproxin 5g/100mL suspension ... Ciproxin 5g/100mL oral suspension ... ,"3","1"
y02Kw,Distaclor 125mg/5mL suspension ...  ... ,"3","1"
y02Kx,Distaclor 250mg/5mL suspension ...  ... ,"3","1"
y02L4,Cefaclor 375mg m/r tablet ...  ... ,"3","1"
y02Lp,Cefuroxime ...  ... ,"3","1"
y02Lt,Zinnat 125mg tablet ...  ... ,"3","1"
y02Ly,Zinnat 125mg/5mL suspension ...  ... ,"3","1"
y02Lz,Cefuroxime 125mg/5mL susp ... Cefuroxime 125mg/5mL suspension ... ,"3","1"
y02M3,Cefuroxime 750mg inf+kit ... Cefuroxime 750mg infusion (pdr for recon)+saline kit ... ,"3","1"
y02M5,Cefurox+metronid 750/500mg inf ... Cefuroxime+metronidazole 750mg/500mg infusion kit ... ,"3","1"
y08hg,Erythroped A ...  ... ,"3","1"
Y73Gv,AR - hydrocortisone ... Adverse reaction to hydrocortisone ... ,"3","0"
YaSyu,Hydrocortisone allergy ...  ... ,"3","0"
YaSzK,Methylprednisolone allergy ...  ... ,"3","0"
YaSzM,Topical prednisolone allergy ...  ... ,"3","0"
y0Dbe,Erythromy+tretin 4/0.025% soln ... Erythromycin+tretinoin 4%/0.025% topical solution ... ,"3","1"
y049Y,Parenteral dexamethasone ...  ... ,"3","0"
y030P,Hydrocortis ac 25mg/1mL inj ... Hydrocortisone acetate 25mg/1mL injection ... ,"3","0"
Yavvb,Inj hydrocort acet elbow jt ... Injection of hydrocortisone acetate into elbow joint ... ,"3","0"
YabUF,Inj hydrocort acet shoulder jt ... Injection of hydrocortisone acetate into shoulder joint ... ,"3","0"
y00is,Prednisol acet 25mg/1mL inj ... Prednisolone acetate 25mg/1mL injection ... ,"3","0"
y08am,Augmentin ...  ... ,"3","1"
y03wE,Prednisolone 20mg rectal foam ...  ... ,"3","0"
y08GZ,Methylprednisol 500mg inj pdr ... Methylprednisolone 500mg injection (pdr for recon) ... ,"3","0"
y08Ga,Methylprednisolone 1g inj pdr ... Methylprednisolone 1g injection (pdr for recon) ... ,"3","0"
yz77j,DILACORT 5mg g/r tablets ... DILACORT 5mg gastro-resistant tablets ... ,"3","0"
y044k,Oral erythromycin ...  ... ,"3","1"
y00sz,Hydrocortisone creams ...  ... ,"3","0"
y00t0,Hydrocortisone 1% cream 15g ...  ... ,"3","0"
y00t2,Hydrocortisone 1% cream 50g ...  ... ,"3","0"
y0AXB,Clarithromycin 250mg/sach gran ... Clarithromycin 250mg/sachet granules ... ,"3","1"
y0Egy,Amoxicillin 250mg inj pdr ... Amoxicillin 250mg injection (pdr for recon) ... ,"3","1"
YaSwh,Cefaclor allergy ...  ... ,"3","1"
y0ABW,Canesten Hydrocortison crm 15g ... Canesten Hydrocortisone cream 15g ... ,"3","0"
YaSX7,Azithromycin adverse reaction ...  ... ,"3","1"
y08xB,Solu-Cortef ...  ... ,"3","0"
y00oP,Neo-Cortef ear drops 5mL ...  ... ,"3","0"
y02M8,Cefuroxime 750mg inj pdr ... Cefuroxime 750mg injection (pdr for recon) ... ,"3","1"
y02MV,Keflex 500mg tablet ...  ... ,"3","1"
y0Eex,Amoxicillin ...  ... ,"3","1"
y0GqA,Ciprofloxacin 3mg/g eye oint ... Ciprofloxacin 3mg/g eye ointment ... ,"3","1"
y0GqC,Ciprofloxacin 3% eye ointment ...  ... ,"3","1"
y02Ii,Co-amoxicl 250/125mg disp tab ... Co-amoxiclav 250mg/125mg s/f dispersible tablet ... ,"3","1"
y0EfU,Cefalexin 250mg tablet ...  ... ,"3","1"
y02I3,Amoxil 500mg capsule ...  ... ,"3","1"
y02I7,Amoxil SF 250mg/5mL s/f susp ... Amoxil SF 250mg/5mL s/f suspension ... ,"3","1"
y02IF,Amoxil 250mg inj pdr ... Amoxil 250mg injection (pdr for recon) ... ,"3","1"
y02IH,Amoxil 500mg inj pdr ... Amoxil 500mg injection (pdr for recon) ... ,"3","1"
y02IQ,Augmentin 125mg/31mg/5mL susp ... Augmentin 125mg/31mg/5mL s/f suspension ... ,"3","1"
y02IV,Amoxil Fiztab 250mg s/f chewab ... Amoxil Fiztab 250mg s/f chewable tablet ... ,"3","1"
YaVDT,Hydrocortisone sensitivity ...  ... ,"3","0"
YMI3Q,[X] Adv reaction to prednisone ... [X] Adverse reaction to prednisone ... ,"3","0"
Y72qe,Erythromycin/macrol.poison.NOS ... Erythromycin or macrolide poisoning NOS ... ,"3","1"
y02Nt,Vibramycin 100mg capsule ...  ... ,"3","1"
y02Nu,Vibramycin-D 100mg disp tab ... Vibramycin-D 100mg dispersible tablet ... ,"3","1"
YapZ1,[X] Adv reaction to cefalexin ... [X] Adverse reaction to cefalexin ... ,"3","1"
y02P6,Erythromycin 500mg tablet ...  ... ,"3","1"
y02PG,Erythromycin 1g i-v inf ... Erythromycin 1g infusion (pdr for recon) ... ,"3","1"
y03C9,Erythro+Zn 40/12mg/mL top soln ... Erythromycin+zinc acetate 40mg/12mg/mL topical solution ... ,"3","1"
y01AR,Erythroped 250mg/5ml s/f susp ... Erythroped 250mg/5mL sugar free suspension 140mL ... ,"3","1"
y0C4j,Minims Dexamet 0.1% e-d 0.5mL ... Minims Dexamethasone Na phosphate 0.1% s-d eye drops 0.5mL ... Minims Dexamethasone sodium phosphate 0.1% single-use eye drops 0.5mL,"3","0"
y039k,Kerfoot hydrocortisone cream ...  ... ,"3","0"
y039n,Hydrocortisone acetate 1% oint ... Hydrocortisone acetate 1% ointment ... ,"3","0"
y039p,Hydrocort+crotamiton cream ... Hydrocortisone+crotamiton 0.25%/10% cream ... ,"3","0"
y039q,Hydrocorti+pramoxine HCl foam ... Hydrocortisone acetate+pramoxine hydrochloride 1.0/1.0% foam ... ,"3","0"
y039v,Hydrocort+OXYTET1/3% ointment ... Hydrocortisone+oxytetracycline 1.0/3% ointment ... ,"3","0"
y03AS,Hydrocortisone but 0.1% crm ... Hydrocortisone butyrate 0.1% cream ... ,"3","0"
y03AT,Hydrocort but 0.1% lipocream ... Hydrocortisone butyrate 0.1% lipocream ... ,"3","0"
y03Ad,Hydrocortisone acetate 1% crm ... Hydrocortisone acetate 1% cream ... ,"3","0"
YaS9u,Intentional azithromycin pois ... Intentional azithromycin poisoning ... ,"3","1"
YaS9y,Intention clarithromycin pois ... Intentional clarithromycin poisoning ... ,"3","1"
YaSBG,Accidental cefaclor poisoning ...  ... ,"3","1"
YaSBL,Intentional cefuroxime poison ... Intentional cefuroxime poisoning ... ,"3","1"
YaSBM,Cefuroxime pois undetermin int ... Cefuroxime poisoning of undetermined intent ... ,"3","1"
y02Td,Ciprofloxacin ...  ... ,"3","1"
y02Ti,Ciproxin 750mg tablet ...  ... ,"3","1"
y02Tm,Ciprofloxacin 100mg/50mL inf ... Ciprofloxacin 100mg/50mL intravenous infusion ... ,"3","1"
y04Ak,Prednisolone drops ...  ... ,"3","0"
y04Am,Rectal prednisolone preps ... Rectal prednisolone preparations ... ,"3","0"
y0919,Zithromax ...  ... ,"3","1"
YaSYF,Cefuroxime adverse reaction ...  ... ,"3","1"
YaTVU,Accidental cefaclor overdose ...  ... ,"3","1"
YaTWP,Intentional doxycycline OD ... Intentional doxycycline overdose ... ,"3","1"
YaSao,Dexamethasone adverse reaction ...  ... ,"3","0"
YaSap,Topical dexamethasone adv reac ... Topical dexamethasone adverse reaction ... ,"3","0"
YaTXk,Prednisone overdose ...  ... ,"3","0"
YaTXn,Prednison overdose undet inten ... Prednisone overdose of undetermined intent ... ,"3","0"
y01Ck,Hydrocortisone 2.5% cream 30g ...  ... ,"3","0"
y07kl,Deltahydrocortisone ...  ... ,"3","0"
y0Cci,Erythroped Forte SF ...  ... ,"3","1"
YaS9p,Accidental erythromycin poison ... Accidental erythromycin poisoning ... ,"3","1"
y07D1,Hydrocortisone 0.5% oint 15g ... Hydrocortisone 0.5% ointment 15g ... ,"3","0"
y08ev,Deltacortril ...  ... ,"3","0"
y0FzE,Methylpred+lid 80/20mg/2mL inj ... Methylprednisolone acetate+lidocaine HCl 80/20mg/2mL inj ... Methylprednisolone acetate+lidocaine hydrochloride 80/20mg/2mL injection,"3","0"
y002T,Prednisolone [see rectal pred] ... Prednisolone [for preparations see rectal prednisolone] ... ,"3","0"
y03Tf,Cefuroxime 5% pres free e/d ... Cefuroxime 5% preservative-free eye drops ... ,"3","1"
y03Ts,Erythroped PI SF 125mg susp ... Erythroped PI SF 125mg/5mL suspension ... ,"3","1"
y03Tt,Erythromycin 500mg e/c tablet ...  ... ,"3","1"
y01J9,Ciprofloxacin [eye] ...  ... ,"3","1"
y0G0J,Methylprednisolone+lidocaine ...  ... ,"3","0"
y01NL,Methylprednisolone acetate ...  ... ,"3","0"
y0CCQ,Erythromycin 2% topical gel ...  ... ,"3","1"
y08DU,Prednisolone [endocrine use] ...  ... ,"3","0"
y0AW0,Vibramycin Acne Pack ...  ... ,"3","1"
Y73ES,Adverse reaction to cefaclor ...  ... ,"3","1"
YaSvZ,Clarithromycin allergy ...  ... ,"3","1"
YaSva,Azithromycin allergy ...  ... ,"3","1"
y00SB,Prednisolone 32mg/2mL inj ... Prednisolone 32mg/2mL injection ... ,"3","0"
y02ZK,Solu-Cortef 100mg inj pdr ... Solu-Cortef 100mg injection (pdr for recon) ... ,"3","0"
y02Za,Methylprednisolone 2mg tablet ...  ... ,"3","0"
y02Zj,Methylpred+lig 40/10mg/1mL inj ... Methylprednisolone acetate+lignocaine HCl 40/10mg/1mL inj ... Methylprednisolone acetate+lignocaine hydrochloride 40/10mg/1mL injection,"3","0"
y02Zp,Prednisolone ...  ... ,"3","0"
y02Zr,Prednisolone 5mg tablet ...  ... ,"3","0"
y02Zv,Deltastab 5mg tablet ...  ... ,"3","0"
y02a1,Prednisolone 5mg e/c tablet ...  ... ,"3","0"
y02a3,Prednisolone 50mg tablet ...  ... ,"3","0"
y00LV,Co-amoxiclav 125mg/mL susp ... Co-amoxiclav 125mg/mL suspension ... ,"3","1"
y03Xa,Vioform Hydrocortisone cream ...  ... ,"3","0"
y03Xc,Hydrocortisone+sodium fusidate ...  ... ,"3","0"
y03Xx,Prednisolone 0.1% eye drops ...  ... ,"3","0"
y03YF,Methylprednisolone+neomycin ...  ... ,"3","0"
y03YI,Prednisolone acetate 1% e/d ... Prednisolone acetate 1% eye drops ... ,"3","0"
y00Nz,Zithromax 40mg/mL susp 22.5mL ... Zithromax 40mg/mL suspension 22.5mL ... ,"3","1"
y0A45,Klaricid XL ...  ... ,"3","1"
YaTUB,Accidental azithromycin OD ... Accidental azithromycin overdose ... ,"3","1"
YaTUD,Azithromycin OD undeterm int ... Azithromycin overdose of undetermined intent ... ,"3","1"
YaTUH,Clarithromycin OD undete int ... Clarithromycin overdose of undetermined intent ... ,"3","1"
y01Si,Hydrocortisone 10% rectal foam ... Hydrocortisone acetate 10% rectal foam ... ,"3","0"
y01Sq,Prednisolone 20mg foam 20g ... Prednisolone 20mg rectal foam 20g ... ,"3","0"
y02Z2,Dexameth sod phos 10mg/2mL inj ... Dexamethasone sodium phosphate 10mg/2mL injection ... ,"3","0"
y02Z5,Dexamethasone phos 8mg/2mL inj ... Dexamethasone phosphate 8mg/2mL injection ... ,"3","0"
y02Z8,Hydrocortisone ...  ... ,"3","0"
y02ZA,Hydrocortisone 20mg tablet ...  ... ,"3","0"
yz6WQ,HYDROCORTISONE 5mg m/r tablets ...  ... ,"3","0"
y00lj,Prednisolone acet 1% e/d 5mL ... Prednisolone acet 1% eye drops 5mL ... ,"3","0"
y00lk,Prednisolone acet 1% e/d 10mL ... Prednisolone acet 1% eye drops 10mL ... ,"3","0"
y0C5p,Levofloxacin 500mg/100mL inf ... Levofloxacin 500mg/100mL intravenous infusion ... ,"3","1"
m412.,HYDROCORTISONE 1% cream 30g ...  ... ,"2","0"
m416.,*HYDROCORTISONE 0.125% cream ...  ... ,"2","0"
m419.,*HYDROCORTISONE 0.5% cream 50g ...  ... ,"2","0"
m4lx.,HYDROCORT BUT 0.1% lipocream ... HYDROCORTISONE BUTYRATE 0.1% lipocream ... ,"2","0"
m4m..,METHYLPREDNISOLONE ACETATE ...  ... ,"2","0"
m4p..,HYDROCORTISONE ACETATE [TOPIC] ... HYDROCORTISONE ACETATE [TOPICAL] ... ,"2","0"
m666.,*QUINODERM+HYDROCORT cream 30g ... QUINODERM+HYDROCORTISONE cream 30g ... ,"2","0"
m671.,*ERYTHROMYCIN 2% lotion 25mLx2 ...  ... ,"2","1"
m675.,ERYTHROMYCIN 2% lotion ...  ... ,"2","1"
m676.,ERYTHROMYCIN+ZINC topical soln ... ERYTHROMYCIN+ZINC ACETATE 40mg/12mg/mL topical solution ... ,"2","1"
e931.,AZITHROMYCIN 250mg capsules ...  ... ,"2","1"
e932.,AZITHROMYCIN 40mg/mL susp ... AZITHROMYCIN 40mg/mL suspension ... ,"2","1"
e935.,ZITHROMAX 40mg/mL susp 22.5mL ... ZITHROMAX 40mg/mL suspension 22.5mL ... ,"2","1"
j41y.,DEXAMETH SOD PHOS 8mg/2mL inj ... DEXAMETHASONE SOD PHOS 8mg/2mL injection ... ,"2","0"
y02PT,Erythromycin 250mg/sach grans ... Erythromycin 250mg/sachet granules ... ,"3","1"
y02PY,Erythromycin 1g/sach granules ... Erythromycin 1g/sachet granules ... ,"3","1"
y02Pi,Clarithromycin 250mg tablet ...  ... ,"3","1"
y02Pm,Azithromycin 250mg capsule ...  ... ,"3","1"
y02Pn,Azithromycin 200mg/5mL susp ... Azithromycin 200mg/5mL oral suspension ... ,"3","1"
y01GR,Klaricid IV 500mg inj pdr ... Klaricid IV 500mg injection (pdr for recon) ... ,"3","1"
y07mm,Ciprofloxacin 400mg/200mL inf ... Ciprofloxacin 400mg/200mL intravenous infusion ... ,"3","1"
y07mn,Ciproxin 400mg/200mL i-v inf ... Ciproxin 400mg/200mL intravenous infusion ... ,"3","1"
Yalo6,Amoxicillin overdose ...  ... ,"3","1"
y033a,Chloromycet Hydrocort eye oint ... Chloromycetin Hydrocortisone eye ointment ... ,"3","0"
y033d,Hydrocortis ac 2.5% eye oint ... Hydrocortisone acetate 2.5% eye ointment ... ,"3","0"
y033e,Hydrocort+chloramphen eye oint ... Hydrocortisone acetate+chloramphenicol 0.5%/1% eye ointment ... ,"3","0"
y033k,Prednisolone 0.5% eye/ear drps ... Prednisolone sodium phosphate 0.5% eye/ear drops ... ,"3","0"
y0Aob,Amoxil SF ...  ... ,"3","1"
k647.,DEXAMETH+HYPROMEL 0.1/0.5% e/d ... DEXAMETHASONE+HYPROMELLOSE 0.1%/0.5% eye drops ... ,"2","0"
k667.,HYDROCORTISONE 0.5% eye oint ... HYDROCORTISONE ACETATE 0.5% eye ointment ... ,"2","0"
k66z.,HYDROCORTISONE ACETATE 1% e/d ... HYDROCORTISONE ACETATE 1% eye drops ... ,"2","0"
k68z.,PREDNISOLONE 0.5% eye drops ...  ... ,"2","0"
k6a1.,PREDNISOLONE ACET 1% e/d 5mL ... PREDNISOLONE ACET 1% eye drops 5mL ... ,"2","0"
e75..,DOXYCYCLINE ...  ... ,"2","1"
e758.,DOXYCYCLINE 100mg capsules ...  ... ,"2","1"
e75v.,*DOXYCYCLINE 100mg tablets ...  ... ,"2","1"
e75w.,*DOXYCYCLINE 100mg capsules ...  ... ,"2","1"
e75y.,*DOXYCYCLINE 50mg/5mL syrup ...  ... ,"2","1"
eg6u.,CIPROFLOXACIN 2mg/mL inf 200mL ... CIPROFLOXACIN 2mg/mL intravenous infusion 200mL ... ,"2","1"
eg6z.,CIPROFLOXACIN 2mg/mL inf 100mL ... CIPROFLOXACIN 2mg/mL intravenous infusion 100mL ... ,"2","1"
egC3.,LEVOFLOXACIN 500mg/100mL inf ... LEVOFLOXACIN 500mg/100mL intravenous infusion ... ,"2","1"
egD..,MOXIFLOXACIN ...  ... ,"2","1"
egD3.,AVELOX 400mg/250mL soln inf ... AVELOX 400mg/250mL solution for infusion ... ,"2","1"
egD4.,MOXIFLOXACIN 400mg/250mL inf ... MOXIFLOXACIN 400mg/250mL solution for infusion ... ,"2","1"
fe6p.,PEVANTI 5mg tablets ...  ... ,"2","0"
fe6s.,PREDNISOLONE 20mg tablets ...  ... ,"2","0"
l22y.,PREDNISOLONE 0.5% ear drops ...  ... ,"2","0"
l22z.,*PREDNISOLONE 0.5% ear drops ...  ... ,"2","0"
"44Wz.",Serum prednisolone level ...  ... ,"2","0"
m421.,HYDROCORTISONE 0.5% oint 15g ... HYDROCORTISONE 0.5% ointment 15g ... ,"2","0"
m42b.,HYDROCORTISONE 2.5% ointment ...  ... ,"2","0"
m45..,HYDROCORTISONE+ANTIMICROBIALS ...  ... ,"2","0"
m451.,*HYDROCORTISONE/NEOMYCIN cream ...  ... ,"2","0"
m45w.,CANESTEN HYDROCORTISON crm 15g ... CANESTEN HYDROCORTISONE cream 15g ... ,"2","0"
m45X.,HYDROCORT+MICONAZO 1%/2% oint ... HYDROCORTISONE+MICONAZOLE NITRATE 1%/2% ointment ... ,"2","0"
j43y.,METHYLPREDNIS 120mg/3mL inj ... METHYLPREDNISOLONE ACET 120mg/3mL injection ... ,"2","0"
j44..,PREDNISOLONE ACETATE [MUSKEL] ... PREDNISOLONE ACETATE [MUSCULOSKELETAL USE] ... ,"2","0"
j45z.,*PREDNISOLONE 32mg/2mL inj ... PREDNISOLONE 32mg/2mL injection ... ,"2","0"
e3A..,AMOXICILLIN [2] ...  ... ,"2","1"
e3zk.,AMOXICILLIN 125mg/5mL s/f susp ... AMOXICILLIN 125mg/5mL sugar free suspension ... ,"2","1"
e3zn.,AMOXICILLIN 250mg/5mL syrup ...  ... ,"2","1"
e3zq.,AMOXICILLIN powder 3g/sachet ...  ... ,"2","1"
e612.,DISTACLOR 125mg/5mL suspension ...  ... ,"2","1"
e613.,DISTACLOR 250mg/5mL suspension ...  ... ,"2","1"
e689.,ZINNAT 125mg/5mL suspension ...  ... ,"2","1"
e68x.,CEFUROXIME 250mg injection ...  ... ,"2","1"
e696.,CEFALEXIN 250mg/5mL mixture ...  ... ,"2","1"
e697.,CEFALEXIN 500mg/5mL syrup ...  ... ,"2","1"
e91I.,KERYMAX 250mg e/c grans in cap ... KERYMAX 250mg e/c granules in capsules ... ,"2","1"
e91j.,*ERYTHROPED P.I 125mg/5mL susp ... ERYTHROPED P.I. 125mg/5mL suspension ... ,"2","1"
e91R.,ERYTHROMYCIN 500mg/5mL sf susp ... ERYTHROMYCIN 500mg/5mL sugar free suspension ... ,"2","1"
e91x.,*ERYTHROPED A 1g/sachet grans ... ERYTHROPED A 1g/sachet granules ... ,"2","1"
e91z.,*ERYTHROPED 250mg/sachet grans ... ERYTHROPED 250mg/sachet granules ... ,"2","1"
e921.,CLARITHROMYCIN 250mg tablets ...  ... ,"2","1"
e922.,KLARICID 250mg tablets 14CP ...  ... ,"2","1"
e31a.,*AMOXIL SF 250mg/5mL syrup ...  ... ,"2","1"
e31d.,*AMOXIL SF 3g sachets ...  ... ,"2","1"
e31f.,AMOXIL 500mg injection ...  ... ,"2","1"
e31T.,AUGMENTIN 625mg tablets ...  ... ,"2","1"
e31X.,CO-AMOXICLAV 400/57mg susp ... CO-AMOXICLAV 400/57mg in 5mL sugar free suspension ... ,"2","1"
e31Y.,AUGMENTIN-DUO 400/57in5mL susp ... AUGMENTIN-DUO 400/57 in 5mL sugar free suspension ... ,"2","1"
e69m.,KEFLEX 125mg/5mL suspension ...  ... ,"2","1"
e69n.,KEFLEX 250mg/5mL suspension ...  ... ,"2","1"
e69w.,CEFALEXIN 250mg/5mL syrup ...  ... ,"2","1"
lb4z.,HYDROCORTISONE 2.5mg lozenges ...  ... ,"2","0"
a6g3.,*CLARITH+LANSOPRZ+METRONID pck ... CLARITHROM tab+LANSOPRAZ cap+METRONIDAZ tab 500/30/400mg pck ... CLARITHROMYCIN tablets+LANSOPRAZOLE capsules+METRONIDAZOLE tablets 500mg/30mg/400mg pack,"2","1"
l35z.,GENTAMICIN+HYDROCORT ear drops ... GENTAMICIN+HYDROCORTISONE ACETATE 0.3%/1% ear drops ... ,"2","0"
TJ204,AR - hydrocortisone ... Adverse reaction to hydrocortisone ... ,"2","0"
"7K6Z9",Inj hydrocort acet shoulder jt ... Injection of hydrocortisone acetate into shoulder joint ... ,"2","0"
"7K6ZL",Inj hydrocort acet elbow jt ... Injection of hydrocortisone acetate into elbow joint ... ,"2","0"
SL030,Erythromycin poisoning ...  ... ,"2","1"
SL03z,Erythromycin/macrol.poison.NOS ... Erythromycin or macrolide poisoning NOS ... ,"2","1"
SL050,Cefalexin poisoning ...  ... ,"2","1"
fe34.,*DECADRON 8mg/2mL injection ...  ... ,"2","0"
fe3p.,DEXAMETHASONE 6.6mg/2mL inj ... DEXAMETHASONE 6.6mg/2mL solution for injection ... ,"2","0"
fe3r.,DEXAMETHASONE 500mcg/5mL soln ... DEXAMETHASONE 500micrograms/5mL solution ... ,"2","0"
fe3u.,DEXAMETHASONE 2mg/5mL liquid ...  ... ,"2","0"
fe55.,*MIN-I-MIX METHYLPREDNIS. 1g ... MIN-I-MIX METHYLPREDNISOLONE 1g injection ... ,"2","0"
fe5g.,METHYLPREDNISOL 500mg inj pdr ... METHYLPREDNISOLONE 500mg injection (pdr for recon) ... ,"2","0"
fe5h.,METHYLPREDNISOL 1g inj pdr ... METHYLPREDNISOLONE 1g injection (pdr for recon) ... ,"2","0"
fe5m.,METHYLPREDNISOLONE 100mg tabs ... METHYLPREDNISOLONE 100mg tablets ... ,"2","0"
fe5s.,METHYLPREDNIS 40mg inj pdr+dil ... METHYLPREDNISOLONE 40mg injection powder+diluent ... ,"2","0"
YaTUA,Azithromycin overdose ...  ... ,"3","1"
YaTUF,Accidental clarithromycin OD ... Accidental clarithromycin overdose ... ,"3","1"
Y73FB,AR - erythromycin ... Adverse reaction to erythromycin ... ,"3","1"
YaS9q,Intentional erythromycin pois ... Intentional erythromycin poisoning ... ,"3","1"
YaS9r,Erythromycin pois undeterm int ... Erythromycin poisoning of undetermined intent ... ,"3","1"
YaS9t,Accidental azithromycin poison ... Accidental azithromycin poisoning ... ,"3","1"
y035u,Prednisolone sod phos [ear] ... Prednisolone sodium phosphate [ear] ... ,"3","0"
y0362,Neomycin+hydr 0.5/1.5% ear dps ... Neomycin+hydrocortisone 0.5%/1.5% ear drops ... ,"3","0"
y0364,Hydrocor+neomycin 1%/0.5% crm ... Hydrocortisone+neomycin 1%/0.5% cream ... ,"3","0"
y0366,Neomycin+hydroc 0.5/1.5% oint ... Neomycin+hydrocortisone 0.5%/1.5% eye/ear ointment ... ,"3","0"
y0E2h,Azithromycin - chemical ...  ... ,"3","1"
y08g8,Distaclor MR ...  ... ,"3","1"
y02Yw,Dexamethasone ...  ... ,"3","0"
y02Yx,Dexamethasone 500mcg tablet ... Dexamethasone 500micrograms tablet ... ,"3","0"
y02Z7,Dexamethasone phos 4mg/1mL inj ... Dexamethasone phosphate 4mg/1mL injection ... ,"3","0"
y03LQ,Topical hydrocortisone ...  ... ,"3","0"
YaSwP,Co-amoxiclav allergy ...  ... ,"3","1"
YaSwi,Cefuroxime allergy ...  ... ,"3","1"
YaSX6,Clarithromycin adverse react ... Clarithromycin adverse reaction ... ,"3","1"
YaSXM,Ciprofloxacin adverse reaction ...  ... ,"3","1"
YaSYE,Cefaclor adverse reaction ...  ... ,"3","1"
Yadv8,[X]Topic hydrocort advers reac ... [X]Topical hydrocortisone adverse reaction ... ,"3","0"
y02IS,Augmentin 600mg inj pdr ... Augmentin 600mg injection (pdr for recon) ... ,"3","1"
y02IT,Amoxil Fiztab 125mg s/f chewab ... Amoxil Fiztab 125mg s/f chewable tablet ... ,"3","1"
y02If,Augmentin 625mg tablet ...  ... ,"3","1"
y00S0,Min-I-Mix Methylprednis. 1g ... Min-I-Mix Methylprednisolone 1g injection ... ,"3","0"
y02Tf,Ciproxin 100mg/50mL i-v inf ... Ciproxin 100mg/50mL intravenous infusion ... ,"3","1"
y02Tj,Ciprofloxacin 750mg tablet ...  ... ,"3","1"
y01Ss,Prednisolone 20mg stand enema ... Prednisolone 20mg/100mL standard tube retention enema ... ,"3","0"
y01T2,Hydrocort+lignoc 0.2%/1% spray ... Hydrocortisone+lignocaine 0.2%/1% spray ... ,"3","0"
Y73Gt,AR - dexamethasone ... Adverse reaction to dexamethasone ... ,"3","0"
YaSvY,Erythromycin allergy ...  ... ,"3","1"
y0ABT,Canesten Hydrocortisone cream ...  ... ,"3","0"
y0FmH,Exe-Cort Hydrocort 1% crm 15g ... Exe-Cort Hydrocortisone 1% cream 15g ... ,"3","0"
y0FmJ,Exe-Cort Hydrocortisone ...  ... ,"3","0"
YaS9w,Clarithromycin poisoning ...  ... ,"3","1"
YaSBJ,Cefuroxime poisoning ...  ... ,"3","1"
YaSBK,Accidental cefuroxime poison ... Accidental cefuroxime poisoning ... ,"3","1"
y07d1,Klaricid 500mg tablet ...  ... ,"3","1"
y03A3,Hydrocort+clotrimaz 1%/1% crm ... Hydrocortisone+clotrimazole 1%/1% cream ... ,"3","0"
YE1NP,Erythromycin &/or macrolide ++ ... Erythromycin &/or macrolide poisoning ... ,"3","1"
y00th,Hydrocortisone compound preps. ... Hydrocortisone compound preprations ... ,"3","0"
y00tr,Hydrocortisone+antimicrobials ...  ... ,"3","0"
y00ts,Hydrocortisone/neomycin cream ...  ... ,"3","0"
Yalmu,Intentional cefalexin poison ... Intentional cefalexin poisoning ... ,"3","1"
y03Tv,Klaricid 250mg tablet ...  ... ,"3","1"
y0C4h,Dexamethasone 0.1% s-d eye drp ... Dexamethasone sodium phosphate 0.1% single-use eye drops ... ,"3","0"
y0C4i,Minims Dexamet 0.1% s-d eye dr ... Minims Dexamethasone Na phosphate 0.1% s-d eye drops ... Minims Dexamethasone sodium phosphate 0.1% single-use eye drops,"3","0"
y0C4k,Minims Dexamethasone Na phosph ... Minims Dexamethasone sodium phosphate ... ,"3","0"
yz4it,MOXIFLOXACIN 0.5% eye drops ...  ... ,"3","1"
yz4iz,PREDNISONE 5mg m/r tablets ...  ... ,"3","0"
Yamny,Cefaclor RAST test ...  ... ,"3","1"
y00iq,Methylprednisol acet 120mg inj ... Methylprednisolone acet 120mg injection ... ,"3","0"
Y72qb,Erythromycin poisoning ...  ... ,"3","1"
Yalr0,Cefalexin adverse reaction ...  ... ,"3","1"
y0Aoa,Amoxil Fiztab ...  ... ,"3","1"
yz77T,CEFUROXIME 50mg pdr inj ... CEFUROXIME 50mg powder for solution for injection ... ,"3","1"
Yalo7,Cefalexin overdose ...  ... ,"3","1"
y033c,Hydrocortis ac 1% eye oint ... Hydrocortisone acetate 1% eye ointment ... ,"3","0"
y033i,Minims Prednisolone 0.5% e/d ... Minims Prednisolone 0.5% single-use eye drops ... ,"3","0"
y0AsZ,Deltacortril Enteric ...  ... ,"3","0"
y0Egq,Amoxicillin [2] ...  ... ,"3","1"
y0Egt,Amoxicillin 125mg/5mL s/f susp ... Amoxicillin 125mg/5mL s/f oral suspension ... ,"3","1"
y0Egw,Amoxicillin 125mg/1.25mL susp ... Amoxicillin 125mg/1.25mL paediatric suspension ... ,"3","1"
y0Egx,Amoxicillin 3g/sach s/f powder ... Amoxicillin 3g/sachet s/f powder ... ,"3","1"
y02Nz,Doxycycline 50mg capsule ...  ... ,"3","1"
y02O0,Doxycycline 100mg disp tab ... Doxycycline 100mg dispersible tablet ... ,"3","1"
YapYt,[X] Adv react to amoxicillin ... [X] Adverse reaction to amoxicillin ... ,"3","1"
y02P4,Erythromycin ...  ... ,"3","1"
y02P5,Erythromycin 250mg e/c tablet ...  ... ,"3","1"
y02P8,Erythromycin stearat 500mg tab ... Erythromycin stearate 500mg tablet ... ,"3","1"
y02PO,Erythroped PI 125mg/5mL susp ... Erythroped PI 125mg/5mL suspension ... ,"3","1"
y02PU,Erythroped A 500mg tablet ...  ... ,"3","1"
y02Pd,Erythromycin 250mg/5mL susp ... Erythromycin 250mg/5mL suspension ... ,"3","1"
y02Pe,Erythromycin 500mg/5mL susp ... Erythromycin 500mg/5mL suspension ... ,"3","1"
y02Pl,Azithromycin ...  ... ,"3","1"
yz8e2,PEVANTI 10mg tablets ...  ... ,"3","0"
YaSzO,Rectal prednisol prep allergy ... Rectal prednisolone preparations allergy ... ,"3","0"
y02Kv,Distaclor 250mg capsule ...  ... ,"3","1"
y02L2,Cefaclor 500mg capsule ...  ... ,"3","1"
y0AN4,Cefaclor 125mg/5mL s/f susp ... Cefaclor 125mg/5mL s/f suspension ... ,"3","1"
YaTVV,Intentional cefaclor overdose ...  ... ,"3","1"
YaTVX,Cefuroxime overdose ...  ... ,"3","1"
YaSaR,Hydrocortisone adverse react ... Hydrocortisone adverse reaction ... ,"3","0"
YaSav,Rectal prednisolon prep adv re ... Rectal prednisolone preparations adverse reaction ... ,"3","0"
YaTXo,Dexamethasone overdose ...  ... ,"3","0"
YMI2H,[X] Adv react ciprofloxacin ... [X] Adverse reaction to ciprofloxacin ... ,"3","1"
y0Cmh,Klaricid 250mg/5mL paed susp ... Klaricid 250mg/5mL paediatric suspension ... ,"3","1"
y00LQ,Amoxil 125mg/5mL syrup ...  ... ,"3","1"
y03Wv,Hydrocortisone 1% ointment ...  ... ,"3","0"
y03XD,Hydrocortisone+neomycin ...  ... ,"3","0"
y03XE,Hydrocortisone+lignocaine ...  ... ,"3","0"
y03XN,Hydrocortisone+econazole ...  ... ,"3","0"
y03Xb,Vioform Hydrocortisone oint ... Vioform Hydrocortisone ointment ... ,"3","0"
y03Xe,Hydrocortisone+nystatin ...  ... ,"3","0"
y03Xf,Hydrocort+pot hydroxyquinoline ... Hydrocortisone+potassium hydroxyquinoline ... ,"3","0"
y03Xs,Prednisolone 0.01% pres fr e/d ... Prednisolone 0.01% preservative-free eye drops ... ,"3","0"
y03Wb,Dexamethas 0.1% pres free e/d ... Dexamethasone 0.1% preservative-free eye drops ... ,"3","0"
y07rM,Methylprednisolone acet[skin] ... Methylprednisolone acetate[skin] ... ,"3","0"
y039w,Hydrocort+gentamic 1%/0.3% crm ... Hydrocortisone acetate+gentamicin 1%/0.3% cream ... ,"3","0"
y03A0,Hydrocort+econazole 1%/1% crm ... Hydrocortisone+econazole nitrate 1%/1% cream ... ,"3","0"
y03A1,Hydrocort+miconazol 1%/2% oint ... Hydrocortisone+miconazole nitrate 1%/2% ointment ... ,"3","0"
y03AU,Hydrocortisone but 0.1% oint ... Hydrocortisone butyrate 0.1% ointment ... ,"3","0"
y030N,Dexamethasone sod phos [mskel] ... Dexamethasone sodium phosphate [musculoskeletal use] ... ,"3","0"
y030O,Hydrocortisone acet [musc-skel ... Hydrocortisone acetate [musculoskeletal use] ... ,"3","0"
YamEc,Serum prednisolone level ...  ... ,"3","0"
y03pN,Quinoderm+hydrocortisone cream ...  ... ,"3","0"
y02M0,Zinnat 125mg/sachet granules ...  ... ,"3","1"
y0C5m,Levofloxacin ...  ... ,"3","1"
y0C5t,Tavanic ...  ... ,"3","1"
y0GqM,Clarithromy 125mg grans straw ... Clarithromycin 125mg granules straw ... ,"3","1"
y00lK,Dexamethasone eye drops ...  ... ,"3","0"
YMI1s,[X] Adv react to erythromycin ... [X] Adverse reaction to erythromycin ... ,"3","1"
y02M9,Cefuroxime 1.5g inj pdr ... Cefuroxime 1.5g injection (pdr for recon) ... ,"3","1"
y0EfQ,Cefalexin ...  ... ,"3","1"
y0EfT,Cefalexin 500mg capsule ...  ... ,"3","1"
y0EfV,Cefalexin 500mg tablet ...  ... ,"3","1"
y0EfW,Cefalexin 125mg/5mL oral susp ... Cefalexin 125mg/5mL oral suspension ... ,"3","1"
y0EfZ,Cefalexin 125mg/5mL syrup ...  ... ,"3","1"
yz4Nh,DEXAMETHASONE 6.6mg/2mL inj ... DEXAMETHASONE 6.6mg/2mL solution for injection ... ,"3","0"
y049a,Topical dexamethasone ...  ... ,"3","0"
y04AK,Oral methylprednisolone ...  ... ,"3","0"
YalqG,Amoxicillin allergy ...  ... ,"3","1"
y00t1,Hydrocortisone 1% cream 30g ...  ... ,"3","0"
y00t4,Hydrocortisone 0.1% cream 30g ...  ... ,"3","0"
y00t5,Hydrocortisone 0.125% cream ...  ... ,"3","0"
y00t6,Hydrocortisone 0.5% cream 15g ...  ... ,"3","0"
y00t7,Hydrocortisone 0.5% cream 30g ...  ... ,"3","0"
y00t8,Hydrocortisone 0.5% cream 50g ...  ... ,"3","0"
y00tS,Hydrocortisone 1% oint 100g ... Hydrocortisone 1% ointment 100g ... ,"3","0"
y0IMg,LEVOFLOXACIN 5mg/mL sd eye dps ... LEVOFLOXACIN 5mg/mL single-use eye drops ... ,"3","1"
YMIFN,[X] Adv react to dexamethasone ... [X] Adverse reaction to dexamethasone ... ,"3","0"
y00S9,Deltastab 25mg/1mL injection ...  ... ,"3","0"
y02ZE,Hydrocortisone 100mg inj pdr ... Hydrocortisone 100mg injection (pdr for recon) ... ,"3","0"
y02ZJ,Solu-Cortef 100mg inj pdr+dil ... Solu-Cortef 100mg injection (pdr for recon)+diluent ... ,"3","0"
y02Zb,Methylprednisolone 4mg tablet ...  ... ,"3","0"
y02Ze,Methylpredn 125mg inj pdr+dil ... Methylprednisolone 125mg injection (pdr for recon)+diluent ... ,"3","0"
y02Zh,Methylpred+lig 80/20mg/2mL inj ... Methylprednisolone acetate+lignocaine HCl 80/20mg/2mL inj ... Methylprednisolone acetate+lignocaine hydrochloride 80/20mg/2mL injection,"3","0"
y02a6,Prednisone ...  ... ,"3","0"
y02a7,Prednisone 1mg tablet ...  ... ,"3","0"
y08mF,Keflex ...  ... ,"3","1"
YabUG,Inj hydrocort acet ankle jt ... Injection of hydrocortisone acetate into ankle joint ... ,"3","0"
Y7GPx,Hydrocortisone day curve ...  ... ,"3","0"
"4Q220",Post ovnght dexamet cortisl lv ... Post overnight dexamethasone cortisol level ... ,"2","0"
"7L189",Intramus inject methylpredniso ... Intramuscular injection of methylprednisolone ... ,"2","0"
j43w.,METHYLPRED ACET 40mg/1mL inj ... METHYLPREDNISOLONE ACET 40mg/1mL injection ... ,"2","0"
j43z.,METHYLPREDNIS AC 80mg/2mL vial ... METHYLPREDNISOLONE ACETATE 80mg/2mL vials ... ,"2","0"
j44z.,PREDNISOLONE ACET 25mg/1mL inj ... PREDNISOLONE ACETATE 25mg/1mL injection ... ,"2","0"
k645.,DEXAMETHASONE 0.1% s-d eye drp ... DEXAMETHASONE SODIUM PHOSPHATE 0.1% single-use eye drops ... ,"2","0"
k64x.,*DEXAMETHASONE COMP eye oint ... DEXAMETHASONE COMPOUND eye ointment ... ,"2","0"
k66A.,*NEO-CORTEF eye ointment ...  ... ,"2","0"
k66y.,*HYDROCORTISONE ACET eye oint ... HYDROCORTISONE ACETATE eye ointment ... ,"2","0"
ai26.,PREDNISOLONE 20mg/100mL enema ...  ... ,"2","0"
ai2b.,PREDNISOLONE 20mg foam 25g ... PREDNISOLONE 20mg/dose rectal foam 25g ... ,"2","0"
l8C..,TRAMAZOLINE+DEXAMETHASONE ... TRAMAZOLINE HYDROCHLORIDE+DEXAMETHASONE ISONICOTINATE ... ,"2","0"
m413.,HYDROCORTISONE 1% cream 50g ...  ... ,"2","0"
m414.,HYDROCORTISONE 1% cream 100g ...  ... ,"2","0"
m415.,HYDROCORTISONE 0.1% cream 30g ...  ... ,"2","0"
m418.,*HYDROCORTISONE 0.5% cream 30g ...  ... ,"2","0"
m41A.,HYDROCORTISONE 2.5% cream 15g ...  ... ,"2","0"
m41D.,HYDROCORTISONE 1% aq cream ... HYDROCORTISONE 1% aqueous cream ... ,"2","0"
m4lz.,HYDROCORTISONE BUT 0.1% lotion ... HYDROCORTISONE BUTYRATE 0.1% scalp lotion ... ,"2","0"
m679.,*ERYTHROMYCIN 3% topical gel ... ERYTHROMYCIN 3% in benzoyl peroxide topical gel ... ,"2","1"
m67A.,*ERYTHROMYCIN 2% topical gel ...  ... ,"2","1"
l364.,*NEO-CORTEF ear ointment 3.9g ...  ... ,"2","0"
TJ033,Clarithromycin adverse react ... Clarithromycin adverse reaction ... ,"2","1"
SL041,Doxycycline poisoning ...  ... ,"2","1"
e3z..,AMOXICILLIN [GENERIC ADDN] ... AMOXICILLIN [GENERIC ADDITIONS] ... ,"2","1"
e3zr.,AMOXICILLIN 250mg injection ...  ... ,"2","1"
e3zt.,AMOXICILLIN 1g injection ...  ... ,"2","1"
e614.,CEFACLOR 250mg capsules ...  ... ,"2","1"
e618.,CEFACLOR 500mg capsules ...  ... ,"2","1"
e686.,CEFUROXIME 125mg tablets ...  ... ,"2","1"
e68a.,CEFUROXIME 125mg/5mL susp ... CEFUROXIME 125mg/5mL suspension ... ,"2","1"
e68b.,*ZINNAT 125mg/sachet susp ... ZINNAT 125mg/sachet suspension ... ,"2","1"
e68c.,*CEFUROXME 125mg/sach for susp ... CEFUROXIME 125mg/sach for suspension ... ,"2","1"
e68g.,*CEFUROX+METROND 750/500mg inf ... CEFUROXIME+METRONIDAZOLE 750mg/500mg infusion kit ... ,"2","1"
e68w.,*CEFUROXIME 1.5g infusion pdr ...  ... ,"2","1"
e68z.,CEFUROXIME 1.5g injection ...  ... ,"2","1"
e69..,CEFALEXIN ...  ... ,"2","1"
e911.,ERYTHROMYCIN 250mg e/c tablets ...  ... ,"2","1"
e91A.,*ERYTHROPED FORTE grans 500mg ... ERYTHROPED FORTE granules 500mg/sachet ... ,"2","1"
e91B.,*ERYTHROPED P.I. 125mg/sachet ... ERYTHROPED P.I. granules 125mg/sachet ... ,"2","1"
e91N.,*ERYTHROMYCIN 250mg/sach grans ... ERYTHROMYCIN 250mg/sachet granules ... ,"2","1"
e91P.,ERYTHROMYCIN 500mg/sach grans ... ERYTHROMYCIN 500mg/sachet granules ... ,"2","1"
e91X.,ERYTHROM 250mg e/c gran in cap ... ERYTHROMYCIN 250mg e/c granules in capsules ... ,"2","1"
e923.,CLARITHROMYCIN 125mg/5mL susp ... CLARITHROMYCIN 125mg/5mL paediatric suspension ... ,"2","1"
e925.,CLARITHROMYCIN 500mg inj pdr ... CLARITHROMYCIN 500mg injection (pdr for recon) ... ,"2","1"
e92A.,KLARICID XL 500mg m/r tablets ...  ... ,"2","1"
e92F.,*CLARITHROMY 125mg grans straw ... CLARITHROMYCIN 125mg granules straw ... ,"2","1"
e93..,AZITHROMYCIN DIHYDRATE ...  ... ,"2","1"
e934.,ZITHROMAX 40mg/mL susp 15mL ... ZITHROMAX 40mg/mL suspension 15mL ... ,"2","1"
e938.,*ZITHROMAX 500mg tablets ...  ... ,"2","1"
e93D.,AZITHROMYCIN 500mg pdr for inj ... AZITHROMYCIN 500mg powder for solution for injection ... ,"2","1"
e31..,AMOXICILLIN ...  ... ,"2","1"
e315.,AMOXIL 250mg capsules ...  ... ,"2","1"
e317.,*AMOXIL 500mg disp tablets ... AMOXIL 500mg dispersible tablets ... ,"2","1"
e31e.,*AMOXIL 250mg injection ...  ... ,"2","1"
e31g.,AMOXIL 1g injection ...  ... ,"2","1"
e31m.,AUGMENTIN 1.2g i-v injection ... AUGMENTIN 1.2g intravenous injection ... ,"2","1"
e31Q.,CO-AMOXICLAV 125/31mg/5mL susp ... CO-AMOXICLAV 125/31mg in 5mL suspension ... ,"2","1"
e31w.,*CO-AMOXICLAV 125mg/mL susp ... CO-AMOXICLAV 125mg/mL suspension ... ,"2","1"
e31y.,CO-AMOXICLAV 1.2g injection ...  ... ,"2","1"
e31z.,CO-AMOXICLAV 250/62in5mL susp ... CO-AMOXICLAV 250/62 in 5mL suspension ... ,"2","1"
e69i.,KEFLEX 250mg capsules ...  ... ,"2","1"
e69j.,KEFLEX 500mg capsules ...  ... ,"2","1"
eg6..,CIPROFLOXACIN ...  ... ,"2","1"
eg64.,CIPROXIN 500mg tablets ...  ... ,"2","1"
eg65.,CIPROXIN 750mg tablets ...  ... ,"2","1"
eg6v.,CIPROFLOXACIN 750mg tablets ...  ... ,"2","1"
eg6x.,CIPROFLOXACIN 250mg tablets ...  ... ,"2","1"
egC5.,TAVANIC 500mg tablets ...  ... ,"2","1"
"46Li.",Urine tetrahydrocortisone lev ... Urine tetrahydrocortisone level ... ,"2","0"
"46Lj.",Ur tetrahydr excr per meas vol ... Urine tetrahydrocortisone excretion per measured volume ... ,"2","0"
"46gr.",Ur tethydrcortison:creat ratio ... Urine tetrahydrocortisone:creatinine ratio ... ,"2","0"
fe3..,DEXAMETHASONE [ENDOCRINE] ...  ... ,"2","0"
fe32.,DEXAMETHASONE 2mg tablets ...  ... ,"2","0"
fe33.,*DECADRON 500mcg tablets ... DECADRON 500micrograms tablets ... ,"2","0"
fe3B.,DEXAMETHASONE 10mg/5mL soln ... DEXAMETHASONE 10mg/5mL oral solution ... ,"2","0"
fe3x.,*DEXAMETHASONE 100mg/5mL inj ... DEXAMETHASONE 100mg/5mL injection ... ,"2","0"
fe41.,HYDROCORTISONE 10mg tablets ...  ... ,"2","0"
fe46.,HYDROCORTISONE 100mg injection ...  ... ,"2","0"
fe4f.,HYDROCORTISONE 5mg m/r tablets ...  ... ,"2","0"
fe5n.,METHYLPREDNISOLONE 2mg tablets ...  ... ,"2","0"
fe5t.,METHYLPREDN 125mg inj pdr+dil ... METHYLPREDNISOLONE 125mg injection powder+diluent ... ,"2","0"
fe5v.,METHYLPREDNISOL 1g inj pdr+dil ... METHYLPREDNISOLONE 1g injection powder+diluent ... ,"2","0"
fe5w.,METHYLPREDNISOL 2g inj pdr+dil ... METHYLPREDNISOLONE 2g injection powder+diluent ... ,"2","0"
fe61.,PREDNISOLONE 1mg tablets ...  ... ,"2","0"
fe6a.,*DELTASTAB 5mg tablets ...  ... ,"2","0"
fe6i.,PREDNISOLONE 5mg e/c tablets ...  ... ,"2","0"
m424.,HYDROCORTISONE 1% oint 100g ... HYDROCORTISONE 1% ointment 100g ... ,"2","0"
m42B.,*HYDROCORTISONE 2.5% oint 30g ... HYDROCORTISONE 2.5% ointment 30g ... ,"2","0"
m42D.,HYDROCORTISONE 1% ointment 50g ...  ... ,"2","0"
m44z.,HYDROCORTIS+UREA 1.0%/10% crm ... HYDROCORTISONE+UREA 1.0%/10% cream ... ,"2","0"
m45t.,*VIOFORM-HYDROCORTSONE crm 30g ... VIOFORM-HYDROCORTISONE cream 30g ... ,"2","0"
m45T.,*HYDROCORT+FUSIDIC 1%/2% oint ... HYDROCORTISONE ACETATE+FUSIDIC ACID 1%/2% ointment ... ,"2","0"
m45V.,HYDROCORT+FUSIDIC 1%/2% cream ... HYDROCORTISONE ACETATE+FUSIDIC ACID 1%/2% cream ... ,"2","0"
m45Z.,HYDROCORT+CLOTRIMAZ 1%/1% crm ... HYDROCORTISONE+CLOTRIMAZOLE 1%/1% cream ... ,"2","0"
"7G2A7",Subcut injec hydrocort acetate ... Subcutaneous injection of hydrocortisone acetate ... ,"2","0"
fe6o.,PEVANTI 25mg tablets ...  ... ,"2","0"
fe6u.,*PREDNISOLONE 32mg/2mL inj ... PREDNISOLONE 32mg/2mL injection ... ,"2","0"
fe6v.,PREDNISOLONE 2.5mg tablets ...  ... ,"2","0"
fe6v.,*PREDNISOLONE 2.5mg tablets ...  ... ,"2","0"
fe6y.,*PREDNISOLONE 125mg/5mL inj ... PREDNISOLONE 125mg/5mL injection ... ,"2","0"
TJ202,AR - dexamethasone ... Adverse reaction to dexamethasone ... ,"2","0"
TJ207,AR - prednisone ... Adverse reaction to prednisone ... ,"2","0"
y02Yz,Decadron 500micrograms tablet ...  ... ,"3","0"
YapsZ,Urine tetrahydrocortisone lev ... Urine tetrahydrocortisone level ... ,"3","0"
y02PI,Erythromy 250mg/5mL s/f susp ... Erythromycin 250mg/5mL s/f suspension ... ,"3","1"
y02PQ,Erythromycin 250mg capsule ...  ... ,"3","1"
y02PS,Erythrop Forte 500mg/5mL susp ... Erythroped Forte 500mg/5mL suspension ... ,"3","1"
y02Pf,Erythroped A 1g/sach granules ... Erythroped A 1g/sachet granules ... ,"3","1"
y02Ph,Clarithromycin ...  ... ,"3","1"
y03X6,Eurax-Hydrocortisone cream ...  ... ,"3","0"
y03XA,Hydrocortisone+chloramphenicol ...  ... ,"3","0"
y03XB,Neo-Cortef eye/ear drops ...  ... ,"3","0"
y03XC,Neo-Cortef eye/ear ointment ...  ... ,"3","0"
y03XH,Hydrocortisone+dimethicone ... Hydrocortisone+dimethicone '350' ... ,"3","0"
y03Xg,Hydrocortisone+oxytetracycline ...  ... ,"3","0"
y03Xo,Hydrocortisone+chlorquinaldol ...  ... ,"3","0"
y03Xv,Prednisolone 0.03% eye drops ...  ... ,"3","0"
y03Xw,Prednisolone 0.1% pres fr e/d ... Prednisolone 0.1% preservative-free eye drops ... ,"3","0"
y03YE,Methylpred+neomy 0.25/0.5% crm ... Methylprednisolone acetate+neomycin sulphate 0.25/0.5% cream ... ,"3","0"
y00NF,Doxycycline 50mg/5mL syrup ...  ... ,"3","1"
y00Nu,Erythroped 250mg/sachet s/f ... Erythroped 250mg/sachet sugar free granules ... ,"3","1"
y00Ny,Zithromax 40mg/mL susp 15mL ... Zithromax 40mg/mL suspension 15mL ... ,"3","1"
y0A43,Clarithromycin 500mg m/r tab ... Clarithromycin 500mg m/r tablet ... ,"3","1"
YaREH,HCDC - Hydrocortison day curve ... HCDC - Hydrocortisone day curve ... ,"3","0"
YaSXw,Co-amoxiclav adverse reaction ...  ... ,"3","1"
YaTVT,Cefaclor overdose ...  ... ,"3","1"
YaTVY,Accidental cefuroxime overdose ...  ... ,"3","1"
YaTVZ,Intentional cefuroxime OD ... Intentional cefuroxime overdose ... ,"3","1"
YaTWQ,Doxycycline OD undeterm int ... Doxycycline overdose of undetermined intent ... ,"3","1"
YaSaU,Prednisone adverse reaction ...  ... ,"3","0"
YaSaq,Top comp dexametha prep adv re ... Topical compound dexamethasone preparation adverse reaction ... ,"3","0"
y00S3,Methylprednisolone 1g inj ... Methylprednisolone 1g injection ... ,"3","0"
yz8e1,PEVANTI 5mg tablets ...  ... ,"3","0"
y01Cj,Hydrocortisone 2.5% cream 15g ...  ... ,"3","0"
y01Co,Hydrocortisone 2.5% oint 50g ... Hydrocortisone 2.5% ointment 50g ... ,"3","0"
y01D3,Dexamethasone comp eye oint ... Dexamethasone compound eye ointment ... ,"3","0"
y02I2,Amoxil 250mg capsule ...  ... ,"3","1"
y02I5,Amoxil SF 125mg/5mL s/f susp ... Amoxil SF 125mg/5mL s/f suspension ... ,"3","1"
y02IB,Amoxil 750mg/sachet s/f powder ...  ... ,"3","1"
y02IL,Augmentin 375mg tablet ...  ... ,"3","1"
y02IX,Amoxil Fiztab 500mg s/f chewab ... Amoxil Fiztab 500mg s/f chewable tablet ... ,"3","1"
y02IZ,Augmentin 250/62mg/5mL susp ... Augmentin 250mg/62mg/5mL s/f suspension ... ,"3","1"
Yaw95,Tetrahydrocortisone/creat rtio ... Tetrahydrocortisone/creatinine ratio ... ,"3","0"
yz7Rp,AZITHROMYCIN 500mg pdr for inj ... AZITHROMYCIN 500mg powder for solution for injection ... ,"3","1"
y04AM,Parenteral methylprednisolone ...  ... ,"3","0"
y04Av,Topical cpd hydrocortis. prep. ... Topical compound hydrocortisone preparation ... ,"3","0"
y01AQ,Erythroped 125mg/5mL s/f susp ... Erythroped P.I. 125mg/5mL sugar free suspension 140mL ... ,"3","1"
y00lF,Dexamethasone [eye] ...  ... ,"3","0"
y00lL,Dexamethasone eye ointment ...  ... ,"3","0"
y00lP,Hydrocortisone acetate [eye] ...  ... ,"3","0"
y00lU,Neo-Cortef eye drops ...  ... ,"3","0"
y00lV,Hydrocortisone acet eye oint ... Hydrocortisone acetate eye ointment ... ,"3","0"
y08Fr,Dexamethasone 2mg/5mL s/f soln ... Dexamethasone 2mg/5mL s/f oral solution ... ,"3","0"
y0043,Rectal hydrocortisone ...  ... ,"3","0"
y0046,Rectal prednisolone ...  ... ,"3","0"
YaSCK,Intentional doxycycline poison ... Intentional doxycycline poisoning ... ,"3","1"
YaSCL,Doxycycline pois undeterm int ... Doxycycline poisoning of undetermined intent ... ,"3","1"
y0BrX,Ciprofloxacin product ...  ... ,"3","1"
YaSyv,Topical hydrocortisone allergy ...  ... ,"3","0"
YaSyw,Top comp hydrocort prep allerg ... Topical compound hydrocortisone preparation allergy ... ,"3","0"
YaSyx,Prednisone allergy ...  ... ,"3","0"
YaSzH,Dexamethasone allergy ...  ... ,"3","0"
YaSzI,Topical dexamethasone allergy ...  ... ,"3","0"
YaSzN,Prednisolone drops allergy ...  ... ,"3","0"
y083T,Dexamethasone 2mg/5mL liquid ...  ... ,"3","0"
y083o,Neo-Cortef eye ointment ...  ... ,"3","0"
YB01y,Radiobioassay - hydrocortisone ...  ... ,"3","0"
Yalo8,Accidental cefalexin overdose ...  ... ,"3","1"
YaloU,Cefalexin poisoning ...  ... ,"3","1"
YalpC,Cefalexin OD undetermin int ... Cefalexin overdose of undetermined intent ... ,"3","1"
y08VL,Augmentin Duo 400mg/57mg susp ... Augmentin Duo 400mg/57mg/5mL s/f suspension ... ,"3","1"
yz53g,LEVOFLOXACIN 250mg/50mL inf ... LEVOFLOXACIN 250mg/50mL solution for infusion ... ,"3","1"
Y7GQ0,Dexamethasone suppression test ...  ... ,"3","0"
YM4Ih,Tetrahydrocortisone ...  ... ,"3","0"
YaqTL,Amoxicillin RAST test ...  ... ,"3","1"
YSPCT,Tetrahydrocortisone measuremen ... Tetrahydrocortisone measurement ... ,"3","0"
YalsP,AR - amoxicillin ... Adverse reaction to amoxicillin ... ,"3","1"
YalsZ,Cefalexin pois undetermin int ... Cefalexin poisoning of undetermined intent ... ,"3","1"
y0ApD,Augmentin Duo ...  ... ,"3","1"
y08ew,Deltastab ...  ... ,"3","0"
YabUH,Inj hydrocort acetat knee jt ... Injection of hydrocortisone acetate into knee joint ... ,"3","0"
YabWq,Methylprednisolone pulse thera ... Methylprednisolone pulse therapy ... ,"3","0"
y08BR,Prednisolone 0.5% eye drops ...  ... ,"3","0"
y0AXC,Klaricid adult 250mg/sach gran ... Klaricid adult 250mg/sachet granules ... ,"3","1"
YaVDV,Erythromycin sensitivity ...  ... ,"3","1"
YMI3O,[X]Adv reac methylprednisolone ... [X] Adverse reaction to methylprednisolone ... ,"3","0"
y0F4f,Moxifloxacin 400mg tablet ...  ... ,"3","1"
Y73Gx,AR - prednisolone ... Adverse reaction to prednisolone ... ,"3","0"
YaSvp,Ciprofloxacin allergy ...  ... ,"3","1"
YaSxP,Doxycycline allergy ...  ... ,"3","1"
y00S4,Methylprednisol 200mg/5mL inj ... Methylprednisolone 200mg/5mL injection ... ,"3","0"
y00SC,Prednisolone 125mg/5mL inj ... Prednisolone 125mg/5mL injection ... ,"3","0"
y02ZM,Methylprednisolone ...  ... ,"3","0"
y02Zf,Methylpredn 500mg inj pdr+dil ... Methylprednisolone 500mg injection (pdr for recon)+diluent ... ,"3","0"
y02Zi,Methylprednisol 2g inj pdr+dil ... Methylprednisolone 2g injection (pdr for recon)+diluent ... ,"3","0"
y02Zk,Methylpred acet 40mg/1mL inj ... Methylprednisolone acetate 40mg/1mL injection ... ,"3","0"
y02Zm,Methylpred acet 80mg/2mL inj ... Methylprednisolone acetate 80mg/2mL injection ... ,"3","0"
y02Zn,Methylprednisol 500mg/10mL inj ... Methylprednisolone 500mg/10mL injection ... ,"3","0"
y02Zo,Methylprednisolone 1g/20mL inj ... Methylprednisolone 1g/20mL injection ... ,"3","0"
y02Zu,Deltastab 1mg tablet ...  ... ,"3","0"
y02a5,Prednisolone 25mg tablet ...  ... ,"3","0"
yz4Ni,DEXAMETHASONE 3.3mg/1mL inj ... DEXAMETHASONE 3.3mg/1mL solution for injection ... ,"3","0"
y0Egp,Amoxicillin 500mg capsule ...  ... ,"3","1"
y0Eh0,Amoxicillin 1g inj pdr ... Amoxicillin 1g injection (pdr for recon) ... ,"3","1"
YaS9s,Azithromycin poisoning ...  ... ,"3","1"
YaS9z,Clarithromycin pois undete int ... Clarithromycin poisoning of undetermined intent ... ,"3","1"
y0363,Hydrocor+neomycin 1%/0.5% oint ... Hydrocortisone+neomycin 1%/0.5% ointment ... ,"3","0"
y0IrW,CLAMELLE AZTHRMYCIN 500mg tabs ... CLAMELLE AZITHROMYCIN 500mg tablets ... ,"3","1"
y01Sh,Hydrocortisone 25mg supp ... Hydrocortisone 25mg suppository ... ,"3","0"
y01Sp,Prednisolone 5mg suppository ...  ... ,"3","0"
y0GqO,Clarithrom 187.5mg grans straw ... Clarithromycin 187.5mg granules straw ... ,"3","1"
yz82s,DEXAMETHASONE 3.8mg/1mL inj ... DEXAMETHASONE 3.8mg/1mL solution for injection ... ,"3","0"
y00xG,Hydrocortisone butyrate ...  ... ,"3","0"
y00xS,Methylprednis acet 0.25% crm ... Methylprednisolone acet 0.25% cream ... ,"3","0"
y0AiN,Vibramycin-D ...  ... ,"3","1"
y0Brn,Hydrocortisone product ...  ... ,"3","0"
y08dP,Ciproxin ...  ... ,"3","1"
y0AsW,Decadron Shock-Pak ...  ... ,"3","0"
YaSBF,Cefaclor poisoning ...  ... ,"3","1"
y03A2,Hydrocort+miconazole 1%/2% crm ... Hydrocortisone+miconazole nitrate 1%/2% cream ... ,"3","0"
YaTWN,Doxycycline overdose ...  ... ,"3","1"
y0CZq,Dexameth+hypromel 0.1/0.5% e/d ... Dexamethasone+hypromellose 0.1%/0.5% eye drops ... ,"3","0"
ai11.,HYDROCORTISONE 25mg supps ... HYDROCORTISONE 25mg suppositories ... ,"2","0"
l22..,PREDNISOLONE SOD PHOS [EAR] ... PREDNISOLONE SODIUM PHOSPHATE [EAR] ... ,"2","0"
fe6k.,PREDNISOLONE 50mg tablets ...  ... ,"2","0"
fe6n.,PEVANTI 2.5mg tablets ...  ... ,"2","0"
fe6q.,PEVANTI 10mg tablets ...  ... ,"2","0"
fe6r.,PEVANTI 20mg tablets ...  ... ,"2","0"
fe6w.,*PREDNISOLONE 2.5mg tablets ...  ... ,"2","0"
fe72.,*PREDNISONE 5mg tablets ...  ... ,"2","0"
fe7x.,PREDNISONE 5mg m/r tablets ...  ... ,"2","0"
y039z,Hydrocort+fusidic 1%/2% cream ... Hydrocortisone acetate+fusidic acid 1%/2% cream ... ,"3","0"
y03AR,HC but+chlorquinal 0.1%/3% crm ... Hydrocortisone butyrate+chlorquinaldol 0.1%/3% cream ... ,"3","0"
yz3sG,AVELOX 400mg/250mL soln inf ... AVELOX 400mg/250mL solution for infusion ... ,"3","1"
y0F6G,Avelox ...  ... ,"3","1"
yz8e3,PEVANTI 20mg tablets ...  ... ,"3","0"
y02Lu,Zinnat 250mg tablet ...  ... ,"3","1"
y02Lv,Cefuroxime 125mg tablet ...  ... ,"3","1"
y02Lw,Cefuroxime 250mg tablet ...  ... ,"3","1"
y02M6,Cefuroxime 1.5g i-v inf ... Cefuroxime 1.5g infusion (pdr for recon) ... ,"3","1"
y08he,Erymax ...  ... ,"3","1"
y0C5o,Levofloxacin 500mg tablet ...  ... ,"3","1"
y00tR,Hydrocortisone 1% ointment 30g ...  ... ,"3","0"
y0CNW,Zithromax 500mg tablet ...  ... ,"3","1"
y03Tg,Cefuroxime+metronidazole ...  ... ,"3","1"
y03Tq,Erythroped 250mg/5mL susp ... Erythroped 250mg/5mL suspension ... ,"3","1"
y0A1l,Erythrom 250mg e/c gran in cap ... Erythromycin 250mg e/c granules in capsule ... ,"3","1"
YMI20,[X] Adv react to doxycycline ... [X] Adverse reaction to doxycycline ... ,"3","1"
y01D4,Methylprednis/neomy crm 15g ... Methylprednisolone/neomycin 0.25/0.5% cream 15g ... ,"3","0"
yz6WS,HYDROCORTISONE 20mg m/r tabs ... HYDROCORTISONE 20mg m/r tablets ... ,"3","0"
yz4Ui,DEXAMETHASONE 700mcg implant ... DEXAMETHASONE 700micrograms intravitreal implant+applicator ... ,"3","0"
y00o6,Prednisolone 0.5% ear drops ...  ... ,"3","0"
y00oQ,Neo-Cortef ear ointment 3.9g ...  ... ,"3","0"
y044m,Parenteral erythromycin ...  ... ,"3","1"
y044o,Topical erythromycin ...  ... ,"3","1"
Ya066,H/O: erythromycin allergy ...  ... ,"3","1"
y02Ku,Cefaclor ...  ... ,"3","1"
y02Ky,Cefaclor 250mg capsule ...  ... ,"3","1"
y02L1,Distaclor 500mg capsule ...  ... ,"3","1"
y086y,Erythromycin 500mg/5mL sf susp ... Erythromycin 500mg/5mL s/f suspension ... ,"3","1"
y02MW,Keflex 125mg/5mL suspension ...  ... ,"3","1"
y02MX,Keflex 250mg/5mL suspension ...  ... ,"3","1"
y0EfR,Cefalexin 250mg capsule ...  ... ,"3","1"
y0EfY,Cefalexin 500mg/5mL syrup ...  ... ,"3","1"
y044x,Parenteral cefuroxime ...  ... ,"3","1"
y00t9,Hydrocortisone 0.5% cream 100g ...  ... ,"3","0"
"448s.",Dexamethasone suppression test ...  ... ,"2","0"
k3k3.,CIPROFLOXACIN 3mg/g eye oint ... CIPROFLOXACIN 3mg/g eye ointment ... ,"2","1"
e69l.,KEFLEX 500mg tablets ...  ... ,"2","1"
e69p.,*KEFLEX-C 250mg chew tablets ... KEFLEX-C 250mg chewable tablets ... ,"2","1"
e69v.,CEFALEXIN 125mg/5mL syrup ...  ... ,"2","1"
e75D.,*VIBRAMYCIN ACNE PACK 50mg cap ... VIBRAMYCIN ACNE PACK 50mg capsules ... ,"2","1"
e75z.,DOXYCYCLINE 100mg disp tabs ... DOXYCYCLINE 100mg dispersible tablets ... ,"2","1"
eg68.,*CIPROXIN 100mg tablets ...  ... ,"2","1"
eg6w.,CIPROFLOXACIN 500mg tablets ...  ... ,"2","1"
egC1.,LEVOFLOXACIN 250mg tablets ...  ... ,"2","1"
egD1.,MOXIFLOXACIN 400mg tablets ...  ... ,"2","1"
aa4..,PREDNISOLONE [see rectal pred] ... PREDNISOLONE [for preparations see rectal prednisolone] ... ,"2","0"
ai27.,*PREDNISOLONE 5mg suppository ...  ... ,"2","0"
ai28.,*PREDNISOLONE 20mg/dose aerosl ... PREDNISOLONE 20mg/dose foam aerosol 20g ... ,"2","0"
ai2a.,PREDNISOLONE 20mg stand enema ... PREDNISOLONE 20mg/100mL standard tube retention enema ... ,"2","0"
m411.,HYDROCORTISONE 1% cream 15g ...  ... ,"2","0"
m41b.,HYDROCORTISONE 2.5% cream ...  ... ,"2","0"
j42..,HYDROCORTISONE ACET [MUSC-SKEL ... HYDROCORTISONE ACETATE [MUSCULOSKELETAL USE] ... ,"2","0"
j441.,DELTASTAB 25mg/1mL injection ...  ... ,"2","0"
e3zE.,AMOXICILLIN 125mg/sach s/f pdr ... AMOXICILLIN 125mg/sachet sugar free powder ... ,"2","1"
e3zu.,AMOXICILLIN 250mg/5mL s/f susp ... AMOXICILLIN 250mg/5mL sugar free suspension ... ,"2","1"
e615.,CEFACLOR 125mg/5mL suspension ...  ... ,"2","1"
e617.,DISTACLOR 500mg capsules ...  ... ,"2","1"
e61b.,*DISTACLOR MR 500mg m/r tabs ... DISTACLOR MR 500mg m/r tablets ... ,"2","1"
e61C.,CEFACLOR 125mg/5mL s/f susp ... CEFACLOR 125mg/5mL sugar free suspension ... ,"2","1"
e685.,*ZINNAT 250mg tablets ...  ... ,"2","1"
e685.,ZINNAT 250mg tablets ...  ... ,"2","1"
e693.,CEFALEXIN 250mg tablets ...  ... ,"2","1"
e695.,CEFALEXIN 125mg/5mL mixture ...  ... ,"2","1"
e914.,ERYTHROMYCIN STEAR 500mg tabs ... ERYTHROMYCIN STEARATE 500mg tablets ... ,"2","1"
e91C.,ERYTHROPED 125mg/5mL s/f susp ... ERYTHROPED P.I. 125mg/5mL sugar free suspension 140mL ... ,"2","1"
e91D.,ERYTHROPED 250mg/5ml s/f susp ... ERYTHROPED 250mg/5mL sugar free suspension 140mL ... ,"2","1"
e91F.,ERYTHROMYCIN 250mg/5mL s/f sus ... ERYTHROMYCIN 250mg/5mL sugar free suspension ... ,"2","1"
e91m.,*ERYTHROPED 500mg/5mL susp ... ERYTHROPED FORTE 500mg/5mL suspension ... ,"2","1"
e91v.,ERYTHROMYCIN 250mg/5mL susp ... ERYTHROMYCIN 250mg/5mL suspension ... ,"2","1"
"14LA.",H/O: erythromycin allergy ...  ... ,"2","1"
k648.,DEXAMET+TOBRAMYC 0.1%/0.3% e/d ... DEXAMETHASONE+TOBRAMYCIN 0.1%/0.3% eye drops ... ,"2","0"
k64A.,DEXAMETHASONE 700mcg implant ... DEXAMETHASONE 700micrograms intravitreal implant+applicator ... ,"2","0"
k64y.,*DEXAMETHASONE eye drops ...  ... ,"2","0"
k666.,*NEO-CORTEF eye drops ...  ... ,"2","0"
k66B.,*HYDRCOR+NEO 1.5/0.5% e/d 10mL ... HYDROCORTISONE ACET+NEOMYCIN SULPH 1.5%/0.5% eye drops 10mL ... HYDROCORTISONE ACETATE+NEOMYCIN SULPHATE 1.5%/1% eye drops 10mL,"2","0"
k66B.,HYDROCOR+NEO 1.5/0.5% e/d 10mL ... HYDROCORTISONE ACET+NEOMYCIN SULPH 1.5%/0.5% eye drops 10mL ... HYDROCORTISONE ACETATE+NEOMYCIN SULPHATE 1.5%/1% eye drops 10mL,"2","0"
"43td.",Erythromycin RAST test ...  ... ,"2","1"
fe3D.,DEXAMETHASONE 3.8mg/1mL inj ... DEXAMETHASONE 3.8mg/1mL solution for injection ... ,"2","0"
fe3z.,*DEXAMETHASONE 4mg/1mL inj ... DEXAMETHASONE 4mg/1mL injection ... ,"2","0"
fe3z.,DEXAMETHASONE 4mg/1mL inj ... DEXAMETHASONE 4mg/1mL injection ... ,"2","0"
fe4b.,SOLU-CORTEF+WATER 100mg inj ... SOLU-CORTEF+WATER 100mg injection ... ,"2","0"
fe4h.,HYDROCORTISONE 20mg m/r tabs ... HYDROCORTISONE 20mg m/r tablets ... ,"2","0"
fe5o.,METHYLPREDNISOLONE 4mg tablets ...  ... ,"2","0"
fe5p.,METHYLPREDNISOLONE 16mg tabs ... METHYLPREDNISOLONE 16mg tablets ... ,"2","0"
fe5u.,METHYLPREDN 500mg inj pdr+dil ... METHYLPREDNISOLONE 500mg injection powder+diluent ... ,"2","0"
fe5z.,*METHYLPREDNISOL 200mg/5mL inj ... METHYLPREDNISOLONE 200mg/5mL injection ... ,"2","0"
fe62.,PREDNISOLONE 5mg tablets ...  ... ,"2","0"
fe65.,DELTACORTRIL ENTERIC 2.5mg tab ... DELTACORTRIL ENTERIC 2.5mg tablets ... ,"2","0"
fe6h.,PREDNISOLONE 2.5mg e/c tablets ...  ... ,"2","0"
fe6j.,PREDNISOLONE 5mg sol tablets ... PREDNISOLONE 5mg soluble tablets ... ,"2","0"
e91y.,*ERYMAX SPRINKLE 125mg caps ... ERYMAX SPRINKLE 125mg capsules ... ,"2","1"
e92..,CLARITHROMYCIN ...  ... ,"2","1"
e926.,KLARICID IV 500mg inj powder ... KLARICID IV 500mg injection (pdr for recon) ... ,"2","1"
e927.,CLARITHROMYCIN 500mg tablets ...  ... ,"2","1"
e92J.,*CLARITHROMY 250mg grans straw ... CLARITHROMYCIN 250mg granules straw ... ,"2","1"
e939.,CLAMELLE AZTHRMYCIN 500mg tabs ... CLAMELLE AZITHROMYCIN 500mg tablets ... ,"2","1"
"7K6ZA",Inj hydrocort acet ankle jt ... Injection of hydrocortisone acetate into ankle joint ... ,"2","0"
"7K6ZB",Inj hydrocort acetat knee jt ... Injection of hydrocortisone acetate into knee joint ... ,"2","0"
TJ03.,AR - erythromycin/other macrol ... Adverse reaction to erythromycin and other macrolides ... ,"2","1"
"44lzQ",Tetrahydrocortisone/creat rtio ... Tetrahydrocortisone/creatinine ratio ... ,"2","0"
SL03.,Erythromycin/macrolide poison. ... Erythromycin and macrolide poisoning ... ,"2","1"
k681.,MINIMS PREDNISOLONE 0.5% ... MINIMS PREDNISOLONE 0.5% single-use eye drops 0.5mL ... ,"2","0"
k6a..,PREDNISOLONE ACETATE [EYE] ...  ... ,"2","0"
k6a2.,PREDNISOLONE ACET 1% e/d 10mL ... PREDNISOLONE ACET 1% eye drops 10mL ... ,"2","0"
"7L103",Methylprednisolone pulse thera ... Methylprednisolone pulse therapy ... ,"2","0"
e311.,AMOXICILLIN 250mg capsules ...  ... ,"2","1"
e312.,AMOXICILLIN 500mg capsules ...  ... ,"2","1"
e318.,*AMOXIL 125mg/5mL syrup ...  ... ,"2","1"
e319.,*AMOXIL SF 125mg/5mL syrup ...  ... ,"2","1"
e31i.,*AUGMENTIN 375mg disp tablets ... AUGMENTIN 375mg dispersible tablets ... ,"2","1"
e31N.,*AMOXIL FIZTAB 250mg chew tabs ... AMOXIL FIZTAB 250mg chewable tablets ... ,"2","1"
e31O.,*AMOXIL FIZTAB 500mg chew tabs ... AMOXIL FIZTAB 500mg chewable tablets ... ,"2","1"
e31u.,*CO-AMOXICLAV 375mg disp tabs ... CO-AMOXICLAV 375mg dispersible tablets ... ,"2","1"
e31U.,CO-AMOXICLAV 625mg tablets ...  ... ,"2","1"
e31v.,*CO-AMOXICLAV 125mg/5mL susp ... CO-AMOXICLAV 125mg/5mL suspension ... ,"2","1"
m44..,HYDROCORTISONE COMPOUND PREPS. ... HYDROCORTISONE COMPOUND PREPARATIONS ... ,"2","0"
m45W.,*HYDROCORT+ECONAZOLE 1%/1% crm ... HYDROCORTISONE+ECONAZOLE NITRATE 1%/1% cream ... ,"2","0"
m45y.,*HYDROCORT+NEOMYCI 1%/0.5% crm ... HYDROCORTISONE+NEOMYCIN 1%/0.5% cream ... ,"2","0"
TJ205,AR - methylprednisolone ... Adverse reaction to methylprednisolone ... ,"2","0"
m4lt.,HYDROCORTISONE BUTYR 0.1% emul ... HYDROCORTISONE BUTYRATE 0.1% emulsion ... ,"2","0"
m4my.,*METHYLPREDNIS/NEOMY crm 15g ... METHYLPREDNISOLONE/NEOMYCIN 0.25/0.5% cream 15g ... ,"2","0"
y03Tu,Zithromax 200mg/5mL suspension ... Zithromax 200mg/5mL oral suspension ... ,"3","1"
y02M7,Cefuroxime 250mg inj pdr ... Cefuroxime 250mg injection (pdr for recon) ... ,"3","1"
y08hh,Erythroped Forte ...  ... ,"3","1"
y0C5n,Levofloxacin 250mg tablet ...  ... ,"3","1"
y0C5q,Tavanic 250mg tablet ...  ... ,"3","1"
y0C5r,Tavanic 500mg tablet ...  ... ,"3","1"
y03tM,Hydrocortisone acetate powder ...  ... ,"3","0"
y02M1,Cefuroxime 125mg/sach granules ... Cefuroxime 125mg/sachet granules ... ,"3","1"
y039l,Hydrocortisone 0.5% ointment ...  ... ,"3","0"
y039t,Hydrocort+clioquinol 1%/3% crm ... Hydrocortisone+clioquinol 1%/3% cream ... ,"3","0"
y039u,Hydrocort+oxytet 50/150mg spry ... Hydrocortisone+oxytetracycline 50/150mg spray ... ,"3","0"
y049c,Topical cpd dexamethasone prep ... Topical compound dexamethasone preparation ... ,"3","0"
y04AI,Oral hydrocortisone ...  ... ,"3","0"
y04Ai,Topical prednisolone ...  ... ,"3","0"
y04At,Rectal hydrocortisone preps ... Rectal hydrocortisone preparations ... ,"3","0"
y04Az,Eczederm+hydrocortisone cream ...  ... ,"3","0"
y04B5,Parenteral hydrocortisone ...  ... ,"3","0"
y0AbJ,Klaricid IV ...  ... ,"3","1"
y03AV,Hydrocortisone but 0.1% lotion ... Hydrocortisone butyrate 0.1% scalp lotion ... ,"3","0"
y03Av,Coal tar extract+HC cream ... Coal tar extract+hydrocortisone 3%/0.25% cream ... ,"3","0"
y0FMy,Hydrocortisone 1% aq cream ... Hydrocortisone 1% aqueous cream ... ,"3","0"
y0BrO,Cefaclor product ...  ... ,"3","1"
y0BrS,Erythromycin product ...  ... ,"3","1"
y0EJn,Clarith+lansoprz+metronidz pck ... Clarithrom tab+lansopraz cap+metronidaz tab 500/30/400mg pck ... Clarithromycin tablet+lansoprazole capsule+metronidazole tablet 500mg/30mg/400mg pack,"3","1"
yz4j0,PREDNISONE 2mg m/r tablets ...  ... ,"3","0"
yz4j1,PREDNISONE 1mg m/r tablets ...  ... ,"3","0"
y00O0,Zithromax 40mg/mL susp 30mL ... Zithromax 40mg/mL suspension 30mL ... ,"3","1"
y02Tg,Ciproxin 200mg/100mL i-v inf ... Ciproxin 200mg/100mL intravenous infusion ... ,"3","1"
y02Th,Ciproxin 500mg tablet ...  ... ,"3","1"
y02Tk,Ciprofloxacin 500mg tablet ...  ... ,"3","1"
y02Tl,Ciprofloxacin 250mg tablet ...  ... ,"3","1"
y02Tn,Ciprofloxacin 200mg/100mL inf ... Ciprofloxacin 200mg/100mL intravenous infusion ... ,"3","1"
y08EH,Methylprednisolone [endoc] ... Methylprednisolone [endocrine use] ... ,"3","0"
y0Epl,Hydrocortisone+pramocaine ...  ... ,"3","0"
y033b,Hydrocortis ac 0.5% eye oint ... Hydrocortisone acetate 0.5% eye ointment ... ,"3","0"
y033j,Prednisolone 0.5% s-d e/d ... Prednisolone sodium phosphate 0.5% single-use eye drops ... ,"3","0"
Yalpw,Accidental cefalexin poisoning ...  ... ,"3","1"
y00zv,Erythromycin 2% lotion 25mLx2 ...  ... ,"3","1"
y04FT,Methylprednis. acetate [mskel] ... Methylprednisolone acetate [musculoskeletal use] ... ,"3","0"
y0H8c,Levofloxacin 5mg/mL eye drops ...  ... ,"3","1"
y08g7,Distaclor ...  ... ,"3","1"
y0AjP,Erythroped SF ...  ... ,"3","1"
y0Dya,Dexamethasone+tobramycin ...  ... ,"3","0"
y0Dyb,Dexamet+tobramyc 0.1%/0.3% e/d ... Dexamethasone+tobramycin 0.1%/0.3% eye drops ... ,"3","0"
y0047,Prednisolone 20mg/100mL enema ...  ... ,"3","0"
y0365,Prednisol+neomyc eye/ear drops ... Prednisolone Na phos+neomycin sulph 0.5%/0.5% eye/ear drops ... Prednisolone sodium phosphate+neomycin sulphate 0.5%/0.5% eye/ear drops,"3","0"
y0367,Neomycin+hydroc 0.5/1.5% drops ... Neomycin+hydrocortisone 0.5%/1.5% eye/ear drops ... ,"3","0"
y037H,Hydrocortisone 2.5mg lozenge ...  ... ,"3","0"
y00LR,Augmentin Junior 187mg/5mL ... Augmentin Junior 125/62 in 5mL suspension ... ,"3","1"
y00LU,Co-amoxiclav 125mg/5mL susp ... Co-amoxiclav 125mg/5mL suspension ... ,"3","1"
y03X3,Hydrocortisone+urea ...  ... ,"3","0"
y03X7,Hydrocortisone+crotamiton ...  ... ,"3","0"
y03XK,Hydrocortisone+miconazole ...  ... ,"3","0"
y03XP,Hydrocortisone+fusidic acid ...  ... ,"3","0"
y03Xd,Hydrocortisone+gentamicin ...  ... ,"3","0"
y03Xh,Hydrocortisone+clioquinol ...  ... ,"3","0"
y03Xr,Prednisolone 0.003% eye drops ...  ... ,"3","0"
y03Xt,Prednisolone 0.01% eye drops ...  ... ,"3","0"
y00ND,Vibramycin 50mg/5mL syrup ...  ... ,"3","1"
y00NE,Doxycycline 100mg tablet ...  ... ,"3","1"
y00Nw,Erymax Sprinkle 125mg capsule ...  ... ,"3","1"
y00Nx,Klaricid 250mg tablets 14CP ...  ... ,"3","1"
y08DT,Dexamethasone [endocrine use] ...  ... ,"3","0"
y0AVz,Vibramycin Acne Pack 50mg cap ... Vibramycin Acne Pack 50mg capsule ... ,"3","1"
YaSzJ,Top comp dexameth prep allergy ... Topical compound dexamethasone preparation allergy ... ,"3","0"
y02ID,Amoxil 3g/sachet s/f powder ...  ... ,"3","1"
y02IJ,Amoxil 1g inj pdr ... Amoxil 1g injection (pdr for recon) ... ,"3","1"
y02IN,Augmentin 375mg disp tab ... Augmentin 375mg s/f dispersible tablet ... ,"3","1"
y02IU,Augmentin 1.2g inj pdr ... Augmentin 1.2g injection (pdr for recon) ... ,"3","1"
y02Ig,Co-amoxiclav 250mg/125mg tab ... Co-amoxiclav 250mg/125mg tablet ... ,"3","1"
y0FGR,Kerymax 250mg e/c grans in cap ... Kerymax 250mg e/c granules in capsule ... ,"3","1"
YMI1d,[X] Adv reaction to cefaclor ... [X] Adverse reaction to cefaclor ... ,"3","1"
y01Fr,Cefaclor 500mg m/r tablet ...  ... ,"3","1"
YaSar,Methylprednisolone adverse rea ... Methylprednisolone adverse reaction ... ,"3","0"
YaSas,Prednisolone adverse reaction ...  ... ,"3","0"
YaSat,Topical prednisolone advers re ... Topical prednisolone adverse reaction ... ,"3","0"
YaSau,Prednisolone drops adverse rea ... Prednisolone drops adverse reaction ... ,"3","0"
YaTXm,Intention prednisone overdose ... Intentional prednisone overdose ... ,"3","0"
YaTXp,Acc dexamethasone overdose ... Accidental dexamethasone overdose ... ,"3","0"
YaTXq,Intent dexamethasone overdose ... Intentional dexamethasone overdose ... ,"3","0"
YaTXr,Undet dexamethasone overdose ... Dexamethasone overdose of undetermined intent ... ,"3","0"
y01Cl,Hydrocortisone 2.5% cream 50g ...  ... ,"3","0"
y01Cm,Hydrocortisone 2.5% oint 15g ... Hydrocortisone 2.5% ointment 15g ... ,"3","0"
Y73FI,AR - doxycycline ... Adverse reaction to doxycycline ... ,"3","1"
Y73Gy,Adverse reaction to prednisone ...  ... ,"3","0"
Yapsb,Ur tetrahydr excr per meas vol ... Urine tetrahydrocortisone excretion per measured volume ... ,"3","0"
YaTVa,Cefuroxime OD undetermin int ... Cefuroxime overdose of undetermined intent ... ,"3","1"
y03C8,Erythromycin 2% top soln ... Erythromycin 2% topical solution ... ,"3","1"
y044v,Oral cefuroxime ...  ... ,"3","1"
y0IN6,HYDROCORTISONE 1% ointment 50g ...  ... ,"3","0"
y00ip,Methylprednis 80mg/2mL syringe ... Methylprednisolone acetate 80mg/2mL syringe ... ,"3","0"
y0CEz,Tramazoline+dexamethasone ... Tramazoline hydrochloride+dexamethasone isonicotinate ... ,"3","0"
YMI3N,[X] Adv react hydrocortisone ... [X] Adverse reaction to hydrocortisone ... ,"3","0"
y0Cdx,Erythromycin [2] ...  ... ,"3","1"
Y7GQ1,Low dose dexameth supp test ... Low dose dexamethasone suppression test ... ,"3","0"
YM4GV,Dihydrocortisone ...  ... ,"3","0"
Y7GQ2,High dose dexameth supp test ... High dose dexamethasone suppression test ... ,"3","0"
Y7GQP,Hydrocortisone supp test ... Hydrocortisone suppression test ... ,"3","0"
y0CCR,Erythromycin 4% topical gel ...  ... ,"3","1"
y0F4e,Moxifloxacin ...  ... ,"3","1"
y03Wc,Dexamethasone 0.1% eye drops ...  ... ,"3","0"
y03Wn,Hydrocortisone 0.1% cream ...  ... ,"3","0"
y03Wo,Hydrocortisone 0.5% cream ...  ... ,"3","0"
y03Wp,Hydrocortisone 1% cream ...  ... ,"3","0"
y0Bsu,Ciprofloxacin 5g/100mL susp ... Ciprofloxacin 5g/100mL oral suspension ... ,"3","1"
y0EL1,Doxycycline 20mg tablet ...  ... ,"3","1"
y0GqQ,Clarithromy 250mg grans straw ... Clarithromycin 250mg granules straw ... ,"3","1"
y02PH,Erythromy 125mg/5mL s/f susp ... Erythromycin 125mg/5mL s/f suspension ... ,"3","1"
y02Pg,Erythroped 250mg/sach grans ... Erythroped 250mg/sachet granules ... ,"3","1"
y02Po,Zithromax 250mg capsule ...  ... ,"3","1"
y0Ego,Amoxicillin 250mg capsule ...  ... ,"3","1"
y0Egz,Amoxicillin 500mg inj pdr ... Amoxicillin 500mg injection (pdr for recon) ... ,"3","1"
y01JB,Ciprofloxacin 0.3% eye drops ...  ... ,"3","1"
YaS9v,Azithromycin pois undeterm int ... Azithromycin poisoning of undetermined intent ... ,"3","1"
y00lZ,Prednisolone sod phos [eye] ...  ... ,"3","0"
Y72qZ,Erythromycin/macrolide poison. ... Erythromycin and macrolide poisoning ... ,"3","1"
Y72qh,Doxycycline poisoning ...  ... ,"3","1"
Yatx8,Post ovnght dexamet cortisl lv ... Post overnight dexamethasone cortisol level ... ,"3","0"
y08VK,Co-amoxiclav 400mg/57mg susp ... Co-amoxiclav 400mg/57mg/5mL s/f suspension ... ,"3","1"
y0FzD,Hydrocort+lidoc 0.2%/1% spray ... Hydrocortisone+lidocaine 0.2%/1% spray ... ,"3","0"
yz8dz,PEVANTI 2.5mg tablets ...  ... ,"3","0"
y02Ih,Co-amoxiclav 500mg/125mg tab ... Co-amoxiclav 500mg/125mg tablet ... ,"3","1"
y02Ik,Co-amoxiclav 1g/200mg inj ... Co-amoxiclav 1g/200mg injection (pdr for recon) ... ,"3","1"
y07d0,Clarithromycin 500mg tablet ...  ... ,"3","1"
y0AJw,Hydrocort+neomy 1.5%/0.5% e/d ... Hydrocortisone acetate+neomycin sulphate 1.5%/0.5% eye drops ... ,"3","0"
y0AJx,Hydrocor+neo 1.5/0.5% e/d 10mL ... Hydrocortisone acet+neomycin sulph 1.5%/0.5% eye drops 10mL ... Hydrocortisone acetate+neomycin sulphate 1.5%/0.5% eye drops 10mL,"3","0"
YaTU8,Intentional erythromycin OD ... Intentional erythromycin overdose ... ,"3","1"
YaTU9,Erythromycin OD undeterm int ... Erythromycin overdose of undetermined intent ... ,"3","1"
YaTUG,Intention clarithromycin OD ... Intentional clarithromycin overdose ... ,"3","1"
YanPY,Ciproflxcin resistnt tubrclsis ... Ciprofloxacin resistant tuberculosis ... ,"3","1"
Yalqa,Intentional cefalexin overdose ...  ... ,"3","1"
YalrE,Adverse reaction to cefalexin ...  ... ,"3","1"
y08Xb,Hydrocortisone butyr 0.1% emul ... Hydrocortisone butyrate 0.1% emulsion ... ,"3","0"
Yapp1,"24h ur tetrahydrocortison meas ... 24 hour urine tetrahydrocortisone measurement ... ","3","0"
y02Z0,Decadron 8mg/2mL injection ...  ... ,"3","0"
y02Z1,Decadron Shock-Pak 100mg/5mL ... Decadron Shock-Pak 100mg/5mL injection ... ,"3","0"
y02Z4,Dexamethas phos 120mg/5mL inj ... Dexamethasone phosphate 120mg/5mL injection ... ,"3","0"
y02Z9,Hydrocortisone 10mg tablet ...  ... ,"3","0"
y0A44,Klaricid XL 500mg m/r tablet ...  ... ,"3","1"
y07b6,Erythromycin 3% topical gel ... Erythromycin 3% in benzoyl peroxide topical gel ... ,"3","1"
yz7fL,DEXAMETHASONE 10mg/5mL soln ... DEXAMETHASONE 10mg/5mL oral solution ... ,"3","0"
y00Rz,Min-I-Mix Methylpred 0.5g inj ... Min-I-Mix Methylprednisolone 500mg injection ... ,"3","0"
y00S2,Methylprednisolone 500mg inj ... Methylprednisolone 500mg injection ... ,"3","0"
y02ZF,Hydrocortisone 500mg/5mL inj ... Hydrocortisone 500mg/5mL injection ... ,"3","0"
y02ZZ,Methylprednisolone 100mg tab ... Methylprednisolone 100mg tablet ... ,"3","0"
y02Zd,Methylprednis 40mg inj pdr+dil ... Methylprednisolone 40mg injection (pdr for recon)+diluent ... ,"3","0"
y02Zg,Methylprednisol 1g inj pdr+dil ... Methylprednisolone 1g injection (pdr for recon)+diluent ... ,"3","0"
y02Zs,Deltacortril Enteric 2.5mg tab ... Deltacortril Enteric 2.5mg e/c tablet ... ,"3","0"
y02a2,Prednisolone 5mg sol tab ... Prednisolone 5mg soluble tablet ... ,"3","0"
y02a8,Prednisone 5mg tablet ...  ... ,"3","0"
y02aA,Prednisone 20mg tablet ...  ... ,"3","0"
y08Fq,Dexamethasone 500mcg/5mL soln ... Dexamethasone 500micrograms/5mL oral solution ... ,"3","0"
y00t3,Hydrocortisone 1% cream 100g ...  ... ,"3","0"
y00tA,Hydrocortisone 2.5% cream ...  ... ,"3","0"
y00tQ,Hydrocortisone 1% ointment 15g ...  ... ,"3","0"
y0CNV,Azithromycin 500mg tablet ...  ... ,"3","1"
y00uK,Vioform-hydrocortisone crm 30g ... Vioform-hydrocortisone cream 30g ... ,"3","0"
y0AkA,Minims Prednisolone ...  ... ,"3","0"
"43iY.",Cefaclor RAST test ...  ... ,"2","1"
e3zm.,AMOXICILLIN 125mg/5mL syrup ...  ... ,"2","1"
e3zs.,AMOXICILLIN 500mg injection ...  ... ,"2","1"
l369.,*NEO-CORTEF ear drops 10mL ...  ... ,"2","0"
e611.,*DISTACLOR 250mg capsules ...  ... ,"2","1"
e616.,CEFACLOR 250mg/5mL suspension ...  ... ,"2","1"
e68e.,*CEFUROXIME 750mg infusion kit ... CEFUROXIME 750mg with saline infusion kit ... ,"2","1"
e68y.,CEFUROXIME 750mg injection ...  ... ,"2","1"
e691.,CEFALEXIN 250mg capsules ...  ... ,"2","1"
e692.,CEFALEXIN 500mg capsules ...  ... ,"2","1"
e694.,CEFALEXIN 500mg tablets ...  ... ,"2","1"
e91d.,ERYTHROMYCIN LACTOBION 1g i-v ... ERYTHROMYCIN LACTOBION 1g intravenous injection ... ,"2","1"
e91E.,ERYTHROMYCIN 125mg/5mL s/f sus ... ERYTHROMYCIN 125mg/5mL sugar free suspension ... ,"2","1"
e91n.,ERYTHROPED A 500mg tablets ...  ... ,"2","1"
e91u.,ERYTHROMYCIN 125mg/5mL susp ... ERYTHROMYCIN 125mg/5mL suspension ... ,"2","1"
e91Y.,ERYTHROPED FORTE SF suspension ... ERYTHROPED FORTE SF 500mg/5mL sugar free suspension ... ,"2","1"
e929.,CLARITHROMYCIN 500mg m/r tabs ... CLARITHROMYCIN 500mg m/r tablets ... ,"2","1"
e92B.,CLARITHROMYCIN 250mg/sach gran ... CLARITHROMYCIN 250mg/sachet granules ... ,"2","1"
e92E.,KLARICID 250mg/5mL paed susp ... KLARICID 250mg/5mL paediatric suspension ... ,"2","1"
e92H.,*CLARITHROM 187.5mg gran straw ... CLARITHROMYCIN 187.5mg granules straw ... ,"2","1"
e933.,ZITHROMAX 250mg capsules ...  ... ,"2","1"
e936.,ZITHROMAX 40mg/mL susp 30mL ... ZITHROMAX 40mg/mL suspension 30mL ... ,"2","1"
e937.,AZITHROMYCIN 500mg tablets ...  ... ,"2","1"
e95..,ERYTHROMYCIN [2] ...  ... ,"2","1"
k3k..,CIPROFLOXACIN [EYE] ...  ... ,"2","1"
fe31.,DEXAMETHASONE 500mcg tablets ... DEXAMETHASONE 500micrograms tablets ... ,"2","0"
fe3q.,DEXAMETHASONE 3.3mg/1mL inj ... DEXAMETHASONE 3.3mg/1mL solution for injection ... ,"2","0"
fe3s.,DEXAMETHASONE 2mg/5mL s/f soln ... DEXAMETHASONE 2mg/5mL sugar free solution ... ,"2","0"
fe4..,HYDROCORTISONE ...  ... ,"2","0"
fe42.,HYDROCORTISONE 20mg tablets ...  ... ,"2","0"
fe47.,HYDROCORTISONE 500mg injection ...  ... ,"2","0"
fe4d.,HYDROCORTISONE 100mg/1mL inj ... HYDROCORTISONE 100mg/1mL injection ... ,"2","0"
fe5r.,*METHYLPREDNISOLONE 1g inj ... METHYLPREDNISOLONE 1g injection ... ,"2","0"
fe5y.,METHYLPREDNISOL 80mg/2mL inj ... METHYLPREDNISOLONE 80mg/2mL injection ... ,"2","0"
fe6b.,DELTASTAB 25mg/1mL injection ...  ... ,"2","0"
j41z.,DEXAMETH SOD PHOS 5mg/1mL inj ... DEXAMETHASONE SOD PHOS 5mg/1mL injection ... ,"2","0"
j421.,HYDROCORTISONE 25mg/1mL inj ... HYDROCORTISONE 25mg/1mL injection ... ,"2","0"
j45..,*PREDNISOLONE SOD PHOS[MUSC] ... PREDNISOLONE SOD PHOS [MUSC-SK] ... ,"2","0"
l363.,*NEO-CORTEF ear drops 5mL ...  ... ,"2","0"
TJ044,AR - doxycycline ... Adverse reaction to doxycycline ... ,"2","1"
TJ050,AR - cefaclor ... Adverse reaction to cefaclor ... ,"2","1"
m43..,HYDROCORTISONE LOTIONS/DRESSNG ...  ... ,"2","0"
m45u.,*VIOFORM-HYDROCORT oint 30g ... VIOFORM-HYDROCORTISONE ointment 30g ... ,"2","0"
m45x.,*HYDROCOR+NEOMYCIN 1/0.5% oint ... HYDROCORTISONE+NEOMYCIN 1%/0.5% ointment ... ,"2","0"
TJ1z0,AR - ciprofloxacin ... Adverse reaction to ciprofloxacin ... ,"2","1"
TJ206,AR - prednisolone ... Adverse reaction to prednisolone ... ,"2","0"
fe6m.,DILACORT 2.5mg g/r tablets ... DILACORT 2.5mg gastro-resistant tablets ... ,"2","0"
fe6t.,PREDNISOLONE 10mg tablets ...  ... ,"2","0"
fe7..,PREDNISONE ...  ... ,"2","0"
fe7y.,PREDNISONE 2mg m/r tablets ...  ... ,"2","0"
j41..,DEXAMETHASONE SOD PHOS [MSKEL] ... DEXAMETHASONE SODIUM PHOSPHATE [MUSCULOSKELETAL USE] ... ,"2","0"
m417.,HYDROCORTISONE 0.5% cream 15g ...  ... ,"2","0"
m41C.,HYDROCORTISONE 2.5% cream 50g ...  ... ,"2","0"
m4lw.,HYDROCORTISONE BUT 0.1% cream ... HYDROCORTISONE BUTYRATE 0.1% cream ... ,"2","0"
m4ly.,HYDROCORTISONE BUT 0.1% oint ... HYDROCORTISONE BUTYRATE 0.1% ointment ... ,"2","0"
m67z.,ERYTHROMY+TRETIN 4/0.025% soln ... ERYTHROMYCIN+TRETINOIN 4%/0.025% topical solution ... ,"2","1"
a6g1.,*CLARITHROMY+LANSOPRZ+AMOX pck ... CLARITHROMY tab+LANSOPRAZOLE cap+AMOXI cap 500/30/500mg pack ... CLARITHROMYCIN tablets+LANSOPRAZOLE capsules+AMOXICILLIN capsules500mg/30mg/500mg pack,"2","1"
ai14.,HYDROCORTISONE 10% aerosol ... HYDROCORTISONE 10% foam aerosol ... ,"2","0"
m41u.,HYDROCORTISONE 0.1% cream ...  ... ,"2","0"
m41w.,EXE-CORT HYDROCORT 1% crm 15g ... EXE-CORT HYDROCORTISONE 1% cream 15g ... ,"2","0"
m42..,HYDROCORTISONE OINTMENTS ...  ... ,"2","0"
m422.,HYDROCORTISONE 1% ointment 15g ...  ... ,"2","0"
m42C.,*HYDROCORTISONE 2.5% oint 50g ... HYDROCORTISONE 2.5% ointment 50g ... ,"2","0"
"46Lh.","24h ur tetrahydrocortison meas ... 24 hour urine tetrahydrocortisone measurement ... ","2","0"
e316.,AMOXIL 500mg capsules ...  ... ,"2","1"
e31b.,AMOXIL 125mg/1.25mL paed susp ... AMOXIL 125mg/1.25mL paediatric suspension ... ,"2","1"
e31c.,*AMOXIL SF 750mg sachets ...  ... ,"2","1"
e31h.,AUGMENTIN 375mg tablets ...  ... ,"2","1"
e31j.,*AUGMENTIN JUNIOR 187mg/5mL ... AUGMENTIN JUNIOR 125/62 in 5mL suspension ... ,"2","1"
e31P.,AUGMENTIN 250/62 in 5mL susp ... AUGMENTIN 250/62 in 5mL suspension ... ,"2","1"
e31t.,CO-AMOXICLAV 375mg tablets ...  ... ,"2","1"
e755.,*VIBRAMYCIN 100mg capsules ...  ... ,"2","1"
e756.,*VIBRAMYCIN 50mg/5mL syrup ...  ... ,"2","1"
e757.,VIBRAMYCIN-D 100mg disp tabs ... VIBRAMYCIN-D 100mg dispersible tablets ... ,"2","1"
eg61.,CIPROXIN 250mg tablets ...  ... ,"2","1"
eg62.,CIPROXIN 100mg/50mL i-v inf ... CIPROXIN 100mg/50mL intravenous infusion ... ,"2","1"
eg63.,CIPROXIN 200mg/100mL i-v inf ... CIPROXIN 200mg/100mL intravenous infusion ... ,"2","1"
eg6A.,CIPROXIN 5g/100mL suspension ... CIPROXIN 5g/100mL oral suspension ... ,"2","1"
eg6y.,CIPROFLOXACIN 2mg/mL inf 50mL ... CIPROFLOXACIN 2mg/mL intravenous infusion 50mL ... ,"2","1"
egC4.,TAVANIC 250mg tablets ...  ... ,"2","1"
egC6.,TAVANIC 500mg/100mL i-v inf ... TAVANIC 500mg/100mL intravenous infusion ... ,"2","1"
egC7.,LEVOFLOXACIN 5mg/mL eye drops ...  ... ,"2","1"
egCB.,LEVOFLOXACIN 250mg/50mL inf ... LEVOFLOXACIN 250mg/50mL solution for infusion ... ,"2","1"
egD2.,AVELOX 400mg tablets ...  ... ,"2","1"
egD6.,MOXIFLOXACIN 0.5% eye drops ...  ... ,"2","1"
k646.,MINIMS DEXAMET 0.1% e-d 0.5mL ... MINIMS DEXAMETHASONE NA PHOSPHATE 0.1% s-d eye drops 0.5mL ... MINIMS DEXAMETHASONE SODIUM PHOSPHATE 0.1% single-use eye drops 0.5mL,"2","0"
k64z.,*DEXAMETHASONE eye ointment ...  ... ,"2","0"
k669.,HYDROCORTISONE 2.5% eye oint ... HYDROCORTISONE ACETATE 2.5% eye ointment ... ,"2","0"
k66x.,*HYDROCORTISONE ACET eye oint ... HYDROCORTISONE ACETATE eye ointment ... ,"2","0"
k68..,PREDNISOLONE SOD PHOS [EYE] ...  ... ,"2","0"
k68y.,*PREDNISOLONE eye drops ...  ... ,"2","0"
"65Y8.",Ciproflxcin resistnt tubrclsis ... Ciprofloxacin resistant tuberculosis ... ,"2","1"
y02Kz,Cefaclor 125mg/5mL suspension ...  ... ,"3","1"
y02L0,Cefaclor 250mg/5mL suspension ...  ... ,"3","1"
y02L3,Distaclor MR 375mg m/r tablet ...  ... ,"3","1"
y08hi,Erythroped PI ...  ... ,"3","1"
y0C5s,Tavanic 500mg/100mL i-v inf ... Tavanic 500mg/100mL intravenous infusion ... ,"3","1"
y0AIU,Ciprofloxacin 100mg tablet ...  ... ,"3","1"
y0AIV,Ciproxin 100mg tablet ...  ... ,"3","1"
YMHiJ,AR - erythromycin/other macrol ... Adverse reaction to erythromycin and other macrolides ... ,"3","1"
y0CRr,Clarithromy+lansopraz+amox pck ... Clarithromy tab+lansoprazole cap+amoxy cap 500/30/500mg pack ... Clarithromycin tablet+lansoprazole capsule+amoxycillin capsule 500mg/30mg/500mg pack,"3","1"
y07CU,Chloromycetin HC eye ointment ... Chloromycetin Hydrocortisone eye ointment 4g ... ,"3","0"
y07CV,Minims Prednisolone 0.5% ... Minims Prednisolone 0.5% single-use eye drops 0.5mL ... ,"3","0"
YM94s,Augmenting agent ...  ... ,"3","1"
YabUC,Subcut injec hydrocort acetate ... Subcutaneous injection of hydrocortisone acetate ... ,"3","0"
y00it,Prednisolone sod phos[musc] ... Prednisolone sod phos [musc-sk] ... ,"3","0"
y0AN5,Cefaclor 250mg/5mL s/f susp ... Cefaclor 250mg/5mL s/f suspension ... ,"3","1"
yz3sH,MOXIFLOXACIN 400mg/250mL inf ... MOXIFLOXACIN 400mg/250mL solution for infusion ... ,"3","1"
Y73FS,AR - ciprofloxacin ... Adverse reaction to ciprofloxacin ... ,"3","1"
Y73Gw,AR - methylprednisolone ... Adverse reaction to methylprednisolone ... ,"3","0"
YaSzL,Prednisolone allergy ...  ... ,"3","0"
y0FmI,Exe-Cort Hydrocortisone 1% crm ... Exe-Cort Hydrocortisone 1% cream ... ,"3","0"
YM4Ii,THE - Tetrahydrocortisone ...  ... ,"3","0"
Yapsa,Urine tetrahydrocortisone lev ...  ... ,"3","0"
y02I4,Amoxil 500mg s/f disp tab ... Amoxil 500mg s/f dispersible tablet ... ,"3","1"
y02I9,Amoxil 125mg/1.25mL paed susp ... Amoxil 125mg/1.25mL paediatric suspension ... ,"3","1"
y02Ib,Co-amoxiclav 125/31mg/5mL susp ... Co-amoxiclav 125mg/31mg/5mL s/f suspension ... ,"3","1"
y00Nt,Erythroped 250mg/5mL susp140mL ... Erythroped 250mg/5mL suspension 140mL ... ,"3","1"
y02Te,Ciproxin 250mg tablet ...  ... ,"3","1"
y02Yy,Dexamethasone 2mg tablet ...  ... ,"3","0"
y02Z3,Dexameth sod phos 5mg/1mL inj ... Dexamethasone sodium phosphate 5mg/1mL injection ... ,"3","0"
y02Z6,Dexamethasone 100mg/5mL inj ... Dexamethasone 100mg/5mL injection ... ,"3","0"
y01Sj,Hydrocortis ac 25mg supp ... Hydrocortisone acetate 25mg suppository ... ,"3","0"
y01Sr,Prednisolone 20mg long enema ... Prednisolone 20mg/100mL long tube retention enema ... ,"3","0"
y00oL,Gentamicin+hydrocort ear drops ... Gentamicin+hydrocortisone acetate 0.3%/1% ear drops ... ,"3","0"
Y7GQO,Hydrocortisone infusion test ...  ... ,"3","0"
y0FGT,Kerymax ...  ... ,"3","1"
y0Eey,Amoxicillin product ...  ... ,"3","1"
y0EfX,Cefalexin 250mg/5mL oral susp ... Cefalexin 250mg/5mL oral suspension ... ,"3","1"
y0Efa,Cefalexin 250mg/5mL syrup ...  ... ,"3","1"
YaSX5,Erythromycin adverse reaction ...  ... ,"3","1"
YaTVW,Cefaclor OD undetermined int ... Cefaclor overdose of undetermined intent ... ,"3","1"
YaSaS,Topical hydrocortisone adv rea ... Topical hydrocortisone adverse reaction ... ,"3","0"
YaSaT,Topi comp hydrocor prep adv re ... Topical compound hydrocortisone preparation adverse reaction ... ,"3","0"
y07iI,HC - Hydrocortisone ...  ... ,"3","0"
y0Cc6,Erythroped Forte SF suspension ... Erythroped Forte SF 500mg/5mL s/f suspension ... ,"3","1"
y01Cn,Hydrocortisone 2.5% oint 30g ... Hydrocortisone 2.5% ointment 30g ... ,"3","0"
y00tP,Hydrocortisone ointments ...  ... ,"3","0"
y0FzF,Methylpred+lid 40/10mg/1mL inj ... Methylprednisolone acetate+lidocaine HCl 40/10mg/1mL inj ... Methylprednisolone acetate+lidocaine hydrochloride 40/10mg/1mL injection,"3","0"
y0G0I,Hydrocortisone+lidocaine ...  ... ,"3","0"
y00Md,Keflex-C 125mg chewable tablet ...  ... ,"3","1"
y00Me,Keflex-C 250mg chewable tablet ...  ... ,"3","1"
y03X4,Hydrocortisone+pramoxine ...  ... ,"3","0"
y03XJ,Hydrocortisone+clotrimazole ...  ... ,"3","0"
y03Xp,Methylprednisolone+lignocaine ...  ... ,"3","0"
y03Xq,Prednisolone 0.001% eye drops ...  ... ,"3","0"
y03Xu,Prednisolone 0.03% pres fr e/d ... Prednisolone 0.03% preservative-free eye drops ... ,"3","0"
y03Xy,Prednisolone 0.3% pres fr e/d ... Prednisolone 0.3% preservative-free eye drops ... ,"3","0"
y03Xz,Prednisolone 0.3% eye drops ...  ... ,"3","0"
y090G,Vibramycin ...  ... ,"3","1"
y0916,Zinnat ...  ... ,"3","1"
y00tZ,Hydrocortisone 2.5% ointment ...  ... ,"3","0"
y00td,Hydrocortisone lotions/dressng ...  ... ,"3","0"
y00te,Hydrocortisone 1% lotion ...  ... ,"3","0"
y00to,Eurax-hydrocortisone cream 30g ...  ... ,"3","0"
YalnZ,Cefalexin allergy ...  ... ,"3","1"
y083n,Neo-Cortef ear drops 10mL ...  ... ,"3","0"
y00xt,Hydrocortisone acetate [topic] ... Hydrocortisone acetate [topical] ... ,"3","0"
y033f,Hydrocortisone acetate 1% e/d ... Hydrocortisone acetate 1% eye drops ... ,"3","0"
y00zs,Quinoderm+hydrocort cream 30g ... Quinoderm+hydrocortisone cream 30g ... ,"3","0"
y00zu,Erythromycin [skin] ...  ... ,"3","1"
y0Ano,Neo-Cortef ...  ... ,"3","0"
yz77k,DILACORT 2.5mg g/r tablets ... DILACORT 2.5mg gastro-resistant tablets ... ,"3","0"
y00lc,Prednisolone eye drops ...  ... ,"3","0"
y00li,Prednisolone acetate [eye] ...  ... ,"3","0"
y02MS,Keflex 250mg capsule ...  ... ,"3","1"
y02MT,Keflex 500mg capsule ...  ... ,"3","1"
y02MU,Keflex 250mg tablet ...  ... ,"3","1"
y02Np,Doxycycline ...  ... ,"3","1"
y02Ns,Vibramycin 50mg capsule ...  ... ,"3","1"
y02Nv,Doxycycline 100mg capsule ...  ... ,"3","1"
y049W,Oral dexamethasone ...  ... ,"3","0"
y030T,Prednisolone acetate [muskel] ... Prednisolone acetate [musculoskeletal use] ... ,"3","0"
y04Ag,Parenteral prednisolone ...  ... ,"3","0"
y04Ar,Hydrocortisone eye ointment ...  ... ,"3","0"
y07le,Hydrocortisone 100mg/1mL inj ... Hydrocortisone 100mg/1mL injection ... ,"3","0"
yz3QL,DOXYCYCLINE 40mg m/r capsules ...  ... ,"3","1"
y0Aiy,Canesten Hydrocortisone ...  ... ,"3","0"
y0AjN,Erythroped ...  ... ,"3","1"
y0AjO,Erythroped PI SF ...  ... ,"3","1"
y0AjZ,Eurax-Hydrocortisone ...  ... ,"3","0"
y08mW,Klaricid ...  ... ,"3","1"
YaqLQ,Erythromycin RAST test ...  ... ,"3","1"
yz8e0,PEVANTI 25mg tablets ...  ... ,"3","0"
YaSCJ,Accidental doxycycline poison ... Accidental doxycycline poisoning ... ,"3","1"
y039r,Hydrocortis+urea 1%/10% crm ... Hydrocortisone+urea 1%/10% cream ... ,"3","0"
y039s,Hydrocort+clioquino 1%/3% oint ... Hydrocortisone+clioquinol 1%/3% ointment ... ,"3","0"
y039x,Hydrocort+fucidic 1%/2% oint ... Hydrocortisone acetate+fucidic acid 1%/2% ointment ... ,"3","0"
y039y,Hydrocort+fusidic 1%/2% gel ... Hydrocortisone acetate+fusidic acid 1%/2% gel ... ,"3","0"
y03AQ,HC but+chlorquinal 0.1/3% oint ... Hydrocortisone butyrate+chlorquinaldol 0.1%/3% ointment ... ,"3","0"
y03Ap,Coal tar soln+HC 3%/0.25% crm ... Coal tar solution+hydrocortisone 3%/0.25% cream ... ,"3","0"
y0Dfb,Doxycycline 20mg capsule ...  ... ,"3","1"
YaTXl,Accidental prednisone overdose ...  ... ,"3","0"
YMI3P,[X] Adv react to prednisolone ... [X] Adverse reaction to prednisolone ... ,"3","0"
y01Fq,Distaclor MR 500mg m/r tablet ...  ... ,"3","1"
y01GQ,Clarithromycin 500mg inj pdr ... Clarithromycin 500mg injection (pdr for recon) ... ,"3","1"
y0Egn,Clarithrom+lansopraz+amoxi pck ... Clarithromy tab+lansoprazole cap+amoxi cap 500/30/500mg pack ... Clarithromycin tablet+lansoprazole capsule+amoxicillin capsule 500mg/30mg/500mg pack,"3","1"
k3k2.,CIPROFLOXACIN 0.3% eye drops ...  ... ,"2","1"
y03Tr,Erythroped SF 250mg/5mL susp ... Erythroped SF 250mg/5mL suspension ... ,"3","1"
y03Tz,Co-amoxiclav ...  ... ,"3","1"
y0Egr,Amoxicillin [generic addn] ... Amoxicillin [generic additions] ... ,"3","1"
y0Egs,Amoxicillin 125mg/sach s/f pdr ... Amoxicillin 125mg/sachet s/f powder ... ,"3","1"
y0Egu,Amoxicillin 125mg/5mL susp ... Amoxicillin 125mg/5mL oral suspension ... ,"3","1"
y0Egv,Amoxicillin 250mg/5mL susp ... Amoxicillin 250mg/5mL oral suspension ... ,"3","1"
y0Eh1,Amoxicillin 250mg/5mL s/f susp ... Amoxicillin 250mg/5mL s/f oral suspension ... ,"3","1"
Yawte,Ur tethydrcortison:creat ratio ... Urine tetrahydrocortisone:creatinine ratio ... ,"3","0"
yz5ET,AZITHRMYCN DIHY 15mg/g s-d e/d ... AZITHROMYCIN DIHYDRATE 15mg/g single-dose eye drops ... ,"3","1"
y08Zj,Amoxil ...  ... ,"3","1"
y08eq,Decadron ...  ... ,"3","0"
yz5bA,PREDNISOLONE 20mg foam 25g ... PREDNISOLONE 20mg/dose rectal foam 25g ... ,"3","0"
y0F4g,Avelox 400mg tablet ...  ... ,"3","1"
y02P7,Erythromycin stearat 250mg tab ... Erythromycin stearate 250mg tablet ... ,"3","1"
y02PB,Erythroped Forte 500mg grans ... Erythroped Forte 500mg/sachet granules ... ,"3","1"
y02PC,Erymax 250mg e/c gran in cap ... Erymax 250mg e/c granules in capsule ... ,"3","1"
y02PD,Erythroped PI 125mg/sach grans ... Erythroped PI 125mg/sachet granules ... ,"3","1"
y02PR,Erythromycin 125mg/sach grans ... Erythromycin 125mg/sachet granules ... ,"3","1"
y02PW,Erythromycin 500mg/sach grans ... Erythromycin 500mg/sachet granules ... ,"3","1"
y02Pc,Erythromycin 125mg/5mL susp ... Erythromycin 125mg/5mL suspension ... ,"3","1"
y02Pj,Clarithromycin 125mg/5mL susp ... Clarithromycin 125mg/5mL paediatric suspension ... ,"3","1"
y02Pk,Klaricid 125mg/5mL paed susp ... Klaricid 125mg/5mL paediatric suspension ... ,"3","1"
y02Ij,Co-amoxiclav 500mg/100mg inj ... Co-amoxiclav 500mg/100mg injection (pdr for recon) ... ,"3","1"
y02Il,Co-amoxiclav 250/62mg/5mL susp ... Co-amoxiclav 250mg/62mg/5mL s/f suspension ... ,"3","1"
y0AFF,Isotretin+erythro 0.05%/2% gel ... Isotretinoin+erythromycin 0.05%/2% gel ... ,"3","1"
YalsI,Amoxicillin adverse reaction ...  ... ,"3","1"
YamyB,Intramus inject methylpredniso ... Intramuscular injection of methylprednisolone ... ,"3","0"
y02ZL,Hydrocortisone 100mg/2mL inj ... Hydrocortisone 100mg/2mL injection (pdr for recon)+diluent ... ,"3","0"
y02Zc,Methylprednisolone 16mg tablet ...  ... ,"3","0"
y02Zl,Methylpred acet 120mg/3mL inj ... Methylprednisolone acetate 120mg/3mL injection ... ,"3","0"
y02Zq,Prednisolone 1mg tablet ...  ... ,"3","0"
y02Zt,Deltacortril Enteric 5mg tab ... Deltacortril Enteric 5mg e/c tablet ... ,"3","0"
y02a0,Prednisolone 2.5mg e/c tablet ...  ... ,"3","0"
y02a4,Prednisolone 2.5mg tablet ...  ... ,"3","0"
YaS9x,Accidental clarithromycin pois ... Accidental clarithromycin poisoning ... ,"3","1"
YaSBH,Intentional cefaclor poisoning ...  ... ,"3","1"
YaSBI,Cefaclor pois undetermined int ... Cefaclor poisoning of undetermined intent ... ,"3","1"
y0E2i,Azithromycin dihydrate - chem ... Azithromycin dihydrate - chemical ... ,"3","1"
yz8e4,PREDNISOLONE 20mg tablets ...  ... ,"3","0"
yz8e5,PREDNISOLONE 10mg tablets ...  ... ,"3","0"
YaTit,IV hydrocortisone therapy ... Intravenous hydrocortisone therapy ... ,"3","0"
y0Cmg,Clarithromycin 250mg/5mL susp ... Clarithromycin 250mg/5mL paediatric suspension ... ,"3","1"
YaTU6,Erythromycin overdose ...  ... ,"3","1"
YaTU7,Accidental erythromycin OD ... Accidental erythromycin overdose ... ,"3","1"
YaTUC,Intentional azithromycin OD ... Intentional azithromycin overdose ... ,"3","1"
YaTUE,Clarithromycin overdose ...  ... ,"3","1"
YaTWO,Accidental doxycycline OD ... Accidental doxycycline overdose ... ,"3","1"
YaSYw,Doxycycline adverse reaction ...  ... ,"3","1"
fe35.,*DECADRON SHOCK-PAK 100mg/5mL ... DECADRON SHOCK-PAK 100mg/5mL injection ... ,"2","0"
fe3w.,DEXAMETHASONE 8mg/2mL inj ... DEXAMETHASONE 8mg/2mL injection ... ,"2","0"
fe4c.,SOLU-CORTEF 100mg injection ...  ... ,"2","0"
fe5..,METHYLPREDNISOLONE [ENDOC] ... METHYLPREDNISOLONE [ENDOCRINE] ... ,"2","0"
fe5q.,*METHYLPREDNISOLONE 500mg inj ... METHYLPREDNISOLONE 500mg injection ... ,"2","0"
fe5x.,METHYLPREDNISOL 40mg/1mL inj ... METHYLPREDNISOLONE 40mg/1mL injection ... ,"2","0"
fe6..,PREDNISOLONE [ENDOCRINE] ...  ... ,"2","0"
fe66.,DELTACORTRIL ENTERIC 5mg tabs ... DELTACORTRIL ENTERIC 5mg tablets ... ,"2","0"
fe69.,*DELTASTAB 1mg tablets ...  ... ,"2","0"
e31k.,AUGMENTIN 125/31 in 5mL susp ... AUGMENTIN 125/31 in 5mL paediatric suspension ... ,"2","1"
e31l.,AUGMENTIN 600mg i-v injection ... AUGMENTIN 600mg intravenous injection ... ,"2","1"
e31M.,*AMOXIL FIZTAB 125mg chew tabs ... AMOXIL FIZTAB 125mg chewable tablets ... ,"2","1"
e31x.,CO-AMOXICLAV 600mg injection ...  ... ,"2","1"
e69k.,KEFLEX 250mg tablets ...  ... ,"2","1"
e69o.,*KEFLEX-C 125mg chew tablets ... KEFLEX-C 125mg chewable tablets ... ,"2","1"
e754.,*VIBRAMYCIN 50mg capsules ...  ... ,"2","1"
e75s.,DOXYCYCLINE 40mg m/r capsules ...  ... ,"2","1"
e75t.,DOXYCYCLINE 20mg tablets ...  ... ,"2","1"
e75u.,*DOXYCYCLINE 20mg capsules ...  ... ,"2","1"
e75x.,DOXYCYCLINE 50mg capsules ...  ... ,"2","1"
eg66.,CIPROXIN 400mg/200mL infusion ... CIPROXIN 400mg/200mL intravenous infusion ... ,"2","1"
eg67.,CIPROFLOXACIN 100mg tablets ...  ... ,"2","1"
eg69.,CIPROFLOXACIN 5g/100mL susp ... CIPROFLOXACIN 5g/100mL oral suspension ... ,"2","1"
egC..,LEVOFLOXACIN ...  ... ,"2","1"
egC2.,LEVOFLOXACIN 500mg tablets ...  ... ,"2","1"
egCA.,LEVOFLOXACIN 5mg/mL sd eye dps ... LEVOFLOXACIN 5mg/mL single-use eye drops ... ,"2","1"
m45Y.,HYDROCORT+MICONAZOLE 1%/2% crm ... HYDROCORTISONE+MICONAZOLE NITRATE 1%/2% cream ... ,"2","0"
j411.,*DECADRON 8mg/2mL injection ...  ... ,"2","0"
U60GA,[X]Topic hydrocort advers reac ... [X]Topical hydrocortisone adverse reaction ... ,"2","0"
ai1..,RECTAL HYDROCORTISONE ...  ... ,"2","0"
ai2..,RECTAL PREDNISOLONE ...  ... ,"2","0"
fe6l.,DILACORT 5mg g/r tablets ... DILACORT 5mg gastro-resistant tablets ... ,"2","0"
fe6z.,PREDNISOLONE 25mg tablets ...  ... ,"2","0"
fe71.,*PREDNISONE 1mg tablets ...  ... ,"2","0"
fe7z.,PREDNISONE 1mg m/r tablets ...  ... ,"2","0"
TJ030,AR - erythromycin ... Adverse reaction to erythromycin ... ,"2","1"
k64..,DEXAMETHASONE [EYE] ...  ... ,"2","0"
k66..,HYDROCORTISONE ACETATE [EYE] ...  ... ,"2","0"
k668.,HYDROCORTISONE AC 1% eye oint ... HYDROCORTISONE ACETATE 1% eye ointment ... ,"2","0"
m41..,HYDROCORTISONE CREAMS ...  ... ,"2","0"
m41a.,*HYDROCORTISON 0.5% cream 100g ... HYDROCORTISONE 0.5% cream 100g ... ,"2","0"
m41B.,*HYDROCORTISONE 2.5% cream 30g ...  ... ,"2","0"
m4l..,HYDROCORTISONE BUTYRATE ...  ... ,"2","0"
m4mz.,*METHYLPREDNIS ACET 0.25% crm ... METHYLPREDNISOLONE ACET 0.25% cream ... ,"2","0"
m67..,ERYTHROMYCIN [SKIN] ...  ... ,"2","1"
m67B.,*ERYTHROMYCIN 4% topical gel ...  ... ,"2","1"
m693.,ISOTRETIN+ERYTHRO 0.05%/2% gel ... ISOTRETINOIN+ERYTHROMYCIN 0.05%/2% gel ... ,"2","1"
"5783.",Radiobioassay - hydrocortisone ...  ... ,"2","0"
ai29.,PREDNISOLONE 20mg long enema ... PREDNISOLONE 20mg/100mL long tube retention enema ... ,"2","0"
m423.,HYDROCORTISONE 1% ointment 30g ...  ... ,"2","0"
m42A.,HYDROCORTISONE 2.5% oint 15g ... HYDROCORTISONE 2.5% ointment 15g ... ,"2","0"
m431.,*HYDROCORTISONE 1% lotion ...  ... ,"2","0"
m447.,*EURAX-HYDROCORTISONE crm 30g ... EURAX-HYDROCORTISONE cream 30g ... ,"2","0"
e3zo.,AMOXICILLIN 125mg/1.25mL susp ... AMOXICILLIN 125mg/1.25mL paediatric suspension ... ,"2","1"
e61..,CEFACLOR ...  ... ,"2","1"
e619.,DISTACLOR MR 375mg m/r tablets ...  ... ,"2","1"
e61a.,CEFACLOR 375mg m/r tablets ...  ... ,"2","1"
e61c.,*CEFACLOR 500mg m/r tablets ...  ... ,"2","1"
e61D.,CEFACLOR 250mg/5mL s/f susp ... CEFACLOR 250mg/5mL sugar free suspension ... ,"2","1"
e68..,CEFUROXIME ...  ... ,"2","1"
e684.,ZINNAT 125mg tablets ...  ... ,"2","1"
e687.,CEFUROXIME 250mg tablets ...  ... ,"2","1"
e68i.,CEFUROXIME 50mg pdr inj ... CEFUROXIME 50mg powder for solution for injection ... ,"2","1"
e91..,ERYTHROMYCIN ...  ... ,"2","1"
e912.,ERYTHROMYCIN 500mg tablets ...  ... ,"2","1"
e913.,ERYTHROMYCIN STEAR 250mg tabs ... ERYTHROMYCIN STEARATE 250mg tablets ... ,"2","1"
e91a.,ERYMAX 250mg e/c grans in caps ... ERYMAX 250mg e/c granules in capsules ... ,"2","1"
e91k.,*ERYTHROPED 250mg/5mL susp 140 ... ERYTHROPED 250mg/5mL suspension 140mL ... ,"2","1"
e91l.,*ERYTHROPED 250mg/sachet s/f ... ERYTHROPED 250mg/sachet sugar free granules ... ,"2","1"
e91L.,*ERYTHROMYCIN 250mg capsules ...  ... ,"2","1"
e91M.,*ERYTHROMYCIN 125mg/sach grans ... ERYTHROMYCIN 125mg/sachet granules ... ,"2","1"
e91Q.,*ERYTHROMYCIN 1g/sachet grans ... ERYTHROMYCIN 1g/sachet granules ... ,"2","1"
e91w.,ERYTHROMYCIN 500mg/5mL susp ... ERYTHROMYCIN 500mg/5mL suspension ... ,"2","1"
e924.,KLARICID 125mg/5mL paed susp ... KLARICID 125mg/5mL paediatric suspension ... ,"2","1"
e928.,KLARICID 500mg tablets ...  ... ,"2","1"
e92C.,KLARICID adult 250mg/sach gran ... KLARICID adult 250mg/sachet granules ... ,"2","1"
e92D.,CLARITHROMYCIN 250mg/5mL susp ... CLARITHROMYCIN 250mg/5mL paediatric suspension ... ,"2","1"
e93B.,AZITHRMYCN DIHY 15mg/g s-d e/d ... AZITHROMYCIN DIHYDRATE 15mg/g single-dose eye drops ... ,"2","1"
