"CONCEPT_ID","CONCEPT_HISTORY_ID","CONCEPT_HISTORY_DATE","COMPONENT_ID","COMPONENT_HISTORY_ID","LOGICAL_TYPE","CODELIST_ID","CODELIST_HISTORY_ID","ID","CODE","DESCRIPTION","ATTRIBUTES","RN","CONCEPT_VERSION_ID","CONCEPT_NAME","CODYING_SYSTEM","PHENOTYPE_ID","PHENOTYPE_VERSION_ID","PHENOTYPE_NAME","PRIMARY"
2482,6364,"2022-01-17T14:00:14.475561Z",2804,3838,1,2804,3784,169150,"1699821000006113",At risk of chronic obstructive pulmonary diseas exacerbation,"{'SNOMED CT Concept ID': '383611000000102', 'SNOMED CT Description ID': '756761000000112', 'Read V2 Code': '14OX.00', 'BREATHE Chronic bronchitis': '', 'BREATHE Emphysema': '', 'BREATHE incident COPD': '', 'BREATHE prevalent COPD': '', 'BREATHE COPD exacerbations': '', 'BREATHE recommended': '', 'Cambridge COPD_COD (QOF v44)': '', 'LSHTM Data Compass 1601': 'Y', 'QOF v45 (2020-2021)': ''}",1,6364,Chronic obstructive pulmonary disease (COPD) Primary care -  3,"{'id': 9, 'name': 'SNOMED  CT codes', 'description': 'SNOMED CT codes'}",PH797,2221,Chronic obstructive pulmonary disease (COPD) Primary care,1
2482,6364,"2022-01-17T14:00:14.475561Z",2804,3838,1,2804,3784,169171,"1834611000006117","Dyspnoea, airflow obstn, smoking stat, exacerbatn freq index","{'SNOMED CT Concept ID': '1834611000006101', 'SNOMED CT Description ID': '1834611000006117', 'Read V2 Code': '', 'BREATHE Chronic bronchitis': '', 'BREATHE Emphysema': '', 'BREATHE incident COPD': '', 'BREATHE prevalent COPD': '', 'BREATHE COPD exacerbations': '', 'BREATHE recommended': '', 'Cambridge COPD_COD (QOF v44)': '', 'LSHTM Data Compass 1601': 'Y', 'QOF v45 (2020-2021)': ''}",1,6364,Chronic obstructive pulmonary disease (COPD) Primary care -  3,"{'id': 9, 'name': 'SNOMED  CT codes', 'description': 'SNOMED CT codes'}",PH797,2221,Chronic obstructive pulmonary disease (COPD) Primary care,1
2482,6364,"2022-01-17T14:00:14.475561Z",2804,3838,1,2804,3784,169177,"1865641000006112","Dyspnoea,obstruction, smoking, exacerbation frequency index","{'SNOMED CT Concept ID': '845301000000103', 'SNOMED CT Description ID': '2192591000000114', 'Read V2 Code': '38Gb.00', 'BREATHE Chronic bronchitis': '', 'BREATHE Emphysema': '', 'BREATHE incident COPD': '', 'BREATHE prevalent COPD': '', 'BREATHE COPD exacerbations': '', 'BREATHE recommended': '', 'Cambridge COPD_COD (QOF v44)': '', 'LSHTM Data Compass 1601': 'Y', 'QOF v45 (2020-2021)': ''}",1,6364,Chronic obstructive pulmonary disease (COPD) Primary care -  3,"{'id': 9, 'name': 'SNOMED  CT codes', 'description': 'SNOMED CT codes'}",PH797,2221,Chronic obstructive pulmonary disease (COPD) Primary care,1
2482,6364,"2022-01-17T14:00:14.475561Z",2804,3838,1,2804,3784,169195,"2010061000006113",Acute non-infective exacerbation of chronic obstructive pulmonary disease,"{'SNOMED CT Concept ID': '847091000000104', 'SNOMED CT Description ID': '2196421000000114', 'Read V2 Code': '', 'BREATHE Chronic bronchitis': 'Y', 'BREATHE Emphysema': 'Y', 'BREATHE incident COPD': 'Y', 'BREATHE prevalent COPD': 'Y', 'BREATHE COPD exacerbations': 'Y', 'BREATHE recommended': 'Y', 'Cambridge COPD_COD (QOF v44)': '', 'LSHTM Data Compass 1601': 'Y', 'QOF v45 (2020-2021)': ''}",1,6364,Chronic obstructive pulmonary disease (COPD) Primary care -  3,"{'id': 9, 'name': 'SNOMED  CT codes', 'description': 'SNOMED CT codes'}",PH797,2221,Chronic obstructive pulmonary disease (COPD) Primary care,1
2482,6364,"2022-01-17T14:00:14.475561Z",2804,3838,1,2804,3784,169197,"2160051010",Admit COPD emergency,"{'SNOMED CT Concept ID': '408501008', 'SNOMED CT Description ID': '3082901016', 'Read V2 Code': '8H2R.00', 'BREATHE Chronic bronchitis': 'Y', 'BREATHE Emphysema': 'Y', 'BREATHE incident COPD': 'Y', 'BREATHE prevalent COPD': 'Y', 'BREATHE COPD exacerbations': 'Y', 'BREATHE recommended': 'Y', 'Cambridge COPD_COD (QOF v44)': '', 'LSHTM Data Compass 1601': 'Y', 'QOF v45 (2020-2021)': ''}",1,6364,Chronic obstructive pulmonary disease (COPD) Primary care -  3,"{'id': 9, 'name': 'SNOMED  CT codes', 'description': 'SNOMED CT codes'}",PH797,2221,Chronic obstructive pulmonary disease (COPD) Primary care,1
2482,6364,"2022-01-17T14:00:14.475561Z",2804,3838,1,2804,3784,169229,"301453013",Acute exacerbation of chronic obstructive airways disease,"{'SNOMED CT Concept ID': '195951007', 'SNOMED CT Description ID': '301453013', 'Read V2 Code': 'H312200', 'BREATHE Chronic bronchitis': 'Y', 'BREATHE Emphysema': 'Y', 'BREATHE incident COPD': 'Y', 'BREATHE prevalent COPD': 'Y', 'BREATHE COPD exacerbations': 'Y', 'BREATHE recommended': 'Y', 'Cambridge COPD_COD (QOF v44)': '', 'LSHTM Data Compass 1601': 'Y', 'QOF v45 (2020-2021)': ''}",1,6364,Chronic obstructive pulmonary disease (COPD) Primary care -  3,"{'id': 9, 'name': 'SNOMED  CT codes', 'description': 'SNOMED CT codes'}",PH797,2221,Chronic obstructive pulmonary disease (COPD) Primary care,1
2482,6364,"2022-01-17T14:00:14.475561Z",2804,3838,1,2804,3784,169263,"424365019",Acute infective exacerbation of chronic obstructive airways disease,"{'SNOMED CT Concept ID': '285381006', 'SNOMED CT Description ID': '424365019', 'Read V2 Code': '', 'BREATHE Chronic bronchitis': 'Y', 'BREATHE Emphysema': 'Y', 'BREATHE incident COPD': 'Y', 'BREATHE prevalent COPD': 'Y', 'BREATHE COPD exacerbations': 'Y', 'BREATHE recommended': 'Y', 'Cambridge COPD_COD (QOF v44)': '', 'LSHTM Data Compass 1601': 'Y', 'QOF v45 (2020-2021)': ''}",1,6364,Chronic obstructive pulmonary disease (COPD) Primary care -  3,"{'id': 9, 'name': 'SNOMED  CT codes', 'description': 'SNOMED CT codes'}",PH797,2221,Chronic obstructive pulmonary disease (COPD) Primary care,1
2482,6364,"2022-01-17T14:00:14.475561Z",2804,3838,1,2804,3784,169285,"553211000006119","Chron obstruct pulmonary dis wth acute exacerbation, unspec","{'SNOMED CT Concept ID': '195951007', 'SNOMED CT Description ID': '301453013', 'Read V2 Code': 'H3y1.00', 'BREATHE Chronic bronchitis': 'Y', 'BREATHE Emphysema': 'Y', 'BREATHE incident COPD': 'Y', 'BREATHE prevalent COPD': 'Y', 'BREATHE COPD exacerbations': 'Y', 'BREATHE recommended': 'Y', 'Cambridge COPD_COD (QOF v44)': '', 'LSHTM Data Compass 1601': 'Y', 'QOF v45 (2020-2021)': ''}",1,6364,Chronic obstructive pulmonary disease (COPD) Primary care -  3,"{'id': 9, 'name': 'SNOMED  CT codes', 'description': 'SNOMED CT codes'}",PH797,2221,Chronic obstructive pulmonary disease (COPD) Primary care,1
2482,6364,"2022-01-17T14:00:14.475561Z",2804,3838,1,2804,3784,169290,"851261000006116","Chronic bronchitis, acute exac","{'SNOMED CT Concept ID': '851261000006100', 'SNOMED CT Description ID': '851261000006116', 'Read V2 Code': '', 'BREATHE Chronic bronchitis': 'Y', 'BREATHE Emphysema': '', 'BREATHE incident COPD': 'Y', 'BREATHE prevalent COPD': 'Y', 'BREATHE COPD exacerbations': 'Y', 'BREATHE recommended': 'Y', 'Cambridge COPD_COD (QOF v44)': '', 'LSHTM Data Compass 1601': 'Y', 'QOF v45 (2020-2021)': ''}",1,6364,Chronic obstructive pulmonary disease (COPD) Primary care -  3,"{'id': 9, 'name': 'SNOMED  CT codes', 'description': 'SNOMED CT codes'}",PH797,2221,Chronic obstructive pulmonary disease (COPD) Primary care,1
2482,6364,"2022-01-17T14:00:14.475561Z",2804,3838,1,2804,3784,169308,"977891000006112",COPD accident and emergency attendance since last visit,"{'SNOMED CT Concept ID': '413845009', 'SNOMED CT Description ID': '2533538014', 'Read V2 Code': '66Yd.00', 'BREATHE Chronic bronchitis': 'Y', 'BREATHE Emphysema': 'Y', 'BREATHE incident COPD': 'Y', 'BREATHE prevalent COPD': 'Y', 'BREATHE COPD exacerbations': 'Y', 'BREATHE recommended': 'Y', 'Cambridge COPD_COD (QOF v44)': '', 'LSHTM Data Compass 1601': 'Y', 'QOF v45 (2020-2021)': ''}",1,6364,Chronic obstructive pulmonary disease (COPD) Primary care -  3,"{'id': 9, 'name': 'SNOMED  CT codes', 'description': 'SNOMED CT codes'}",PH797,2221,Chronic obstructive pulmonary disease (COPD) Primary care,1
2482,6364,"2022-01-17T14:00:14.475561Z",2804,3838,1,2804,3784,169309,"977901000006111",Emergency COPD admission since last appointment,"{'SNOMED CT Concept ID': '414087000', 'SNOMED CT Description ID': '2533539018', 'Read V2 Code': '66Ye.00', 'BREATHE Chronic bronchitis': 'Y', 'BREATHE Emphysema': 'Y', 'BREATHE incident COPD': 'Y', 'BREATHE prevalent COPD': 'Y', 'BREATHE COPD exacerbations': 'Y', 'BREATHE recommended': 'Y', 'Cambridge COPD_COD (QOF v44)': '', 'LSHTM Data Compass 1601': 'Y', 'QOF v45 (2020-2021)': ''}",1,6364,Chronic obstructive pulmonary disease (COPD) Primary care -  3,"{'id': 9, 'name': 'SNOMED  CT codes', 'description': 'SNOMED CT codes'}",PH797,2221,Chronic obstructive pulmonary disease (COPD) Primary care,1
2482,6364,"2022-01-17T14:00:14.475561Z",2804,3838,1,2804,3784,169312,"998281000006115",Multiple COPD emergency hospital admissions,"{'SNOMED CT Concept ID': '198901000000105', 'SNOMED CT Description ID': '300201000000114', 'Read V2 Code': '66Yi.00', 'BREATHE Chronic bronchitis': 'Y', 'BREATHE Emphysema': 'Y', 'BREATHE incident COPD': 'Y', 'BREATHE prevalent COPD': 'Y', 'BREATHE COPD exacerbations': 'Y', 'BREATHE recommended': 'Y', 'Cambridge COPD_COD (QOF v44)': '', 'LSHTM Data Compass 1601': 'Y', 'QOF v45 (2020-2021)': ''}",1,6364,Chronic obstructive pulmonary disease (COPD) Primary care -  3,"{'id': 9, 'name': 'SNOMED  CT codes', 'description': 'SNOMED CT codes'}",PH797,2221,Chronic obstructive pulmonary disease (COPD) Primary care,1
2484,6368,"2022-01-17T14:00:17.881910Z",2806,3840,1,2806,3786,169324,J44.1,"Chronic obstructive pulmonary disease with acute exacerbation, unspecified",{},1,6368,Chronic obstructive pulmonary disease (COPD) Secondary care - BREATHE recommended - 2,"{'id': 4, 'name': 'ICD10 codes', 'description': 'ICD10 Codes'}",PH798,2222,Chronic obstructive pulmonary disease (COPD) Secondary care,0
2485,6370,"2022-01-17T14:00:18.470729Z",2807,3841,1,2807,3787,169332,"491.20",Obstructive chronic bronchitis without exacerbation,"{'Gershon et al., 2009': '', 'Brandt et al., 2020': '', 'Chang et al., 2020': '', 'de Miguel-Diez et al., 2020': 'Y', 'Griffith et al., 2020': 'Y', 'Groot et al., 2020': '', 'Isgro et al., 2020': 'Y', 'Joo et al., 2020': '', 'Wu and Chen, 2020': '', 'Zuchelli et al., 2020': 'Y', 'Shen et al., 2021': 'Y'}",1,6370,Chronic obstructive pulmonary disease (COPD) Secondary care -  1,"{'id': 17, 'name': 'ICD9 codes', 'description': 'ICD9 codes'}",PH798,2222,Chronic obstructive pulmonary disease (COPD) Secondary care,0
2485,6370,"2022-01-17T14:00:18.470729Z",2807,3841,1,2807,3787,169333,"491.21",Obstructive chronic bronchitis with (acute) exacerbation,"{'Gershon et al., 2009': '', 'Brandt et al., 2020': '', 'Chang et al., 2020': '', 'de Miguel-Diez et al., 2020': 'Y', 'Griffith et al., 2020': 'Y', 'Groot et al., 2020': '', 'Isgro et al., 2020': 'Y', 'Joo et al., 2020': '', 'Wu and Chen, 2020': '', 'Zuchelli et al., 2020': 'Y', 'Shen et al., 2021': 'Y'}",1,6370,Chronic obstructive pulmonary disease (COPD) Secondary care -  1,"{'id': 17, 'name': 'ICD9 codes', 'description': 'ICD9 codes'}",PH798,2222,Chronic obstructive pulmonary disease (COPD) Secondary care,0
2485,6370,"2022-01-17T14:00:18.470729Z",2807,3841,1,2807,3787,169344,"493.22",Chronic obstructive asthma with (acute) exacerbation,"{'Gershon et al., 2009': '', 'Brandt et al., 2020': '', 'Chang et al., 2020': '', 'de Miguel-Diez et al., 2020': '', 'Griffith et al., 2020': '', 'Groot et al., 2020': '', 'Isgro et al., 2020': '', 'Joo et al., 2020': '', 'Wu and Chen, 2020': '', 'Zuchelli et al., 2020': '', 'Shen et al., 2021': 'Y'}",1,6370,Chronic obstructive pulmonary disease (COPD) Secondary care -  1,"{'id': 17, 'name': 'ICD9 codes', 'description': 'ICD9 codes'}",PH798,2222,Chronic obstructive pulmonary disease (COPD) Secondary care,0
2480,6360,"2022-01-17T14:00:10.339428Z",2802,3836,1,2802,3782,168917,"14OX.00",At risk of chronic obstructive pulmonary diseas exacerbation,"{'CPRD GOLD Med': '96931', 'BREATHE Chronic bronchitis': '', 'BREATHE Emphysema': '', 'BREATHE incident COPD': '', 'BREATHE prevalent COPD': '', 'BREATHE COPD exacerbations': '', 'BREATHE recommended': '', 'Validated, Quint et al., 2014': '', 'Cambridge COP087 (QOF 2012)': 'Y', 'Cambridge COP151 (QOF 2012)': 'Y', 'LSHTM Data Compass 340': 'Y', 'LSHTM Data Compass 859': 'Y', 'LSHTM Data Compass 1134': 'Y', 'LSHTM Data Compass 1600': 'Y', 'LSHTM Data Compass 1682': 'Y', 'LSHTM Data Compass 2036': 'Y', 'Manchester Clinical Codes 1 (QOF v24)': '', 'Manchester Clinical Codes 2 (QOF v5)': '', 'Manchester Clinical Codes 5 (Kontopantelis et al., 2014)': '', 'Manchester Clinical Codes 6 (Doran et al., 2011)': '', 'Manchester Clinical Codes 6_QOF (Doran et al., 2011)': '', 'Manchester Clinical Codes 9 (Kontopantelis et al., 2014)': '', 'Manchester Clinical Codes 21 (Kontopantelis et al., 2015)': '', 'Manchester Clinical Codes 26 (Reilly et al., 2015)': '', 'Manchester Clinical Codes 43 (Kontopantelis et al., 2012)': '', 'Manchester Clinical Codes 43_conservative (Kontopantelis et al., 2012)': '', 'Manchester Clinical Codes 43_QOF (Kontopantelis et al., 2012)': '', 'TargetCOPD_Emis (Jordan et al., 2016)': '', 'TargetCOPD_SystemOne (Jordan et al., 2016)': '', 'QOF v36 (2016-2017)': '', 'Chen et al., 2020': 'Y', 'Cole et al., 2020': '', 'Kerkhof et al., 2020': '', 'Patel et al., 2020': '', 'Rockenschaub et al., 2020': ''}",1,6360,Chronic obstructive pulmonary disease (COPD) Primary care -  1,"{'id': 5, 'name': 'Read codes v2', 'description': 'Read codes v2'}",PH797,2221,Chronic obstructive pulmonary disease (COPD) Primary care,1
2480,6360,"2022-01-17T14:00:10.339428Z",2802,3836,1,2802,3782,168933,"66Yd.00",COPD accident and emergency attendance since last visit,"{'CPRD GOLD Med': '19106', 'BREATHE Chronic bronchitis': 'Y', 'BREATHE Emphysema': 'Y', 'BREATHE incident COPD': '', 'BREATHE prevalent COPD': '', 'BREATHE COPD exacerbations': 'Y', 'BREATHE recommended': 'Y', 'Validated, Quint et al., 2014': '', 'Cambridge COP087 (QOF 2012)': '', 'Cambridge COP151 (QOF 2012)': '', 'LSHTM Data Compass 340': 'Y', 'LSHTM Data Compass 859': 'Y', 'LSHTM Data Compass 1134': 'Y', 'LSHTM Data Compass 1600': 'Y', 'LSHTM Data Compass 1682': 'Y', 'LSHTM Data Compass 2036': 'Y', 'Manchester Clinical Codes 1 (QOF v24)': '', 'Manchester Clinical Codes 2 (QOF v5)': '', 'Manchester Clinical Codes 5 (Kontopantelis et al., 2014)': '', 'Manchester Clinical Codes 6 (Doran et al., 2011)': 'Y', 'Manchester Clinical Codes 6_QOF (Doran et al., 2011)': '', 'Manchester Clinical Codes 9 (Kontopantelis et al., 2014)': '', 'Manchester Clinical Codes 21 (Kontopantelis et al., 2015)': '', 'Manchester Clinical Codes 26 (Reilly et al., 2015)': '', 'Manchester Clinical Codes 43 (Kontopantelis et al., 2012)': 'Y', 'Manchester Clinical Codes 43_conservative (Kontopantelis et al., 2012)': '', 'Manchester Clinical Codes 43_QOF (Kontopantelis et al., 2012)': '', 'TargetCOPD_Emis (Jordan et al., 2016)': '', 'TargetCOPD_SystemOne (Jordan et al., 2016)': '', 'QOF v36 (2016-2017)': '', 'Chen et al., 2020': 'Y', 'Cole et al., 2020': '', 'Kerkhof et al., 2020': '', 'Patel et al., 2020': 'Y', 'Rockenschaub et al., 2020': ''}",1,6360,Chronic obstructive pulmonary disease (COPD) Primary care -  1,"{'id': 5, 'name': 'Read codes v2', 'description': 'Read codes v2'}",PH797,2221,Chronic obstructive pulmonary disease (COPD) Primary care,1
2480,6360,"2022-01-17T14:00:10.339428Z",2802,3836,1,2802,3782,168934,"66Ye.00",Emergency COPD admission since last appointment,"{'CPRD GOLD Med': '19003', 'BREATHE Chronic bronchitis': 'Y', 'BREATHE Emphysema': 'Y', 'BREATHE incident COPD': '', 'BREATHE prevalent COPD': '', 'BREATHE COPD exacerbations': 'Y', 'BREATHE recommended': 'Y', 'Validated, Quint et al., 2014': '', 'Cambridge COP087 (QOF 2012)': '', 'Cambridge COP151 (QOF 2012)': '', 'LSHTM Data Compass 340': 'Y', 'LSHTM Data Compass 859': 'Y', 'LSHTM Data Compass 1134': 'Y', 'LSHTM Data Compass 1600': 'Y', 'LSHTM Data Compass 1682': 'Y', 'LSHTM Data Compass 2036': 'Y', 'Manchester Clinical Codes 1 (QOF v24)': '', 'Manchester Clinical Codes 2 (QOF v5)': '', 'Manchester Clinical Codes 5 (Kontopantelis et al., 2014)': '', 'Manchester Clinical Codes 6 (Doran et al., 2011)': 'Y', 'Manchester Clinical Codes 6_QOF (Doran et al., 2011)': '', 'Manchester Clinical Codes 9 (Kontopantelis et al., 2014)': '', 'Manchester Clinical Codes 21 (Kontopantelis et al., 2015)': '', 'Manchester Clinical Codes 26 (Reilly et al., 2015)': '', 'Manchester Clinical Codes 43 (Kontopantelis et al., 2012)': 'Y', 'Manchester Clinical Codes 43_conservative (Kontopantelis et al., 2012)': '', 'Manchester Clinical Codes 43_QOF (Kontopantelis et al., 2012)': '', 'TargetCOPD_Emis (Jordan et al., 2016)': '', 'TargetCOPD_SystemOne (Jordan et al., 2016)': '', 'QOF v36 (2016-2017)': '', 'Chen et al., 2020': 'Y', 'Cole et al., 2020': '', 'Kerkhof et al., 2020': '', 'Patel et al., 2020': 'Y', 'Rockenschaub et al., 2020': ''}",1,6360,Chronic obstructive pulmonary disease (COPD) Primary care -  1,"{'id': 5, 'name': 'Read codes v2', 'description': 'Read codes v2'}",PH797,2221,Chronic obstructive pulmonary disease (COPD) Primary care,1
2480,6360,"2022-01-17T14:00:10.339428Z",2802,3836,1,2802,3782,168935,"66Yf.00",Number of COPD exacerbations in past year,"{'CPRD GOLD Med': '28743', 'BREATHE Chronic bronchitis': 'Y', 'BREATHE Emphysema': 'Y', 'BREATHE incident COPD': '', 'BREATHE prevalent COPD': '', 'BREATHE COPD exacerbations': 'Y', 'BREATHE recommended': 'Y', 'Validated, Quint et al., 2014': '', 'Cambridge COP087 (QOF 2012)': '', 'Cambridge COP151 (QOF 2012)': '', 'LSHTM Data Compass 340': '', 'LSHTM Data Compass 859': '', 'LSHTM Data Compass 1134': '', 'LSHTM Data Compass 1600': '', 'LSHTM Data Compass 1682': '', 'LSHTM Data Compass 2036': '', 'Manchester Clinical Codes 1 (QOF v24)': '', 'Manchester Clinical Codes 2 (QOF v5)': '', 'Manchester Clinical Codes 5 (Kontopantelis et al., 2014)': '', 'Manchester Clinical Codes 6 (Doran et al., 2011)': 'Y', 'Manchester Clinical Codes 6_QOF (Doran et al., 2011)': '', 'Manchester Clinical Codes 9 (Kontopantelis et al., 2014)': '', 'Manchester Clinical Codes 21 (Kontopantelis et al., 2015)': '', 'Manchester Clinical Codes 26 (Reilly et al., 2015)': '', 'Manchester Clinical Codes 43 (Kontopantelis et al., 2012)': 'Y', 'Manchester Clinical Codes 43_conservative (Kontopantelis et al., 2012)': '', 'Manchester Clinical Codes 43_QOF (Kontopantelis et al., 2012)': '', 'TargetCOPD_Emis (Jordan et al., 2016)': '', 'TargetCOPD_SystemOne (Jordan et al., 2016)': '', 'QOF v36 (2016-2017)': '', 'Chen et al., 2020': 'Y', 'Cole et al., 2020': '', 'Kerkhof et al., 2020': '', 'Patel et al., 2020': 'Y', 'Rockenschaub et al., 2020': ''}",1,6360,Chronic obstructive pulmonary disease (COPD) Primary care -  1,"{'id': 5, 'name': 'Read codes v2', 'description': 'Read codes v2'}",PH797,2221,Chronic obstructive pulmonary disease (COPD) Primary care,1
2480,6360,"2022-01-17T14:00:10.339428Z",2802,3836,1,2802,3782,168936,"66Yi.00",Multiple COPD emergency hospital admissions,"{'CPRD GOLD Med': '46036', 'BREATHE Chronic bronchitis': 'Y', 'BREATHE Emphysema': 'Y', 'BREATHE incident COPD': '', 'BREATHE prevalent COPD': '', 'BREATHE COPD exacerbations': 'Y', 'BREATHE recommended': 'Y', 'Validated, Quint et al., 2014': '', 'Cambridge COP087 (QOF 2012)': '', 'Cambridge COP151 (QOF 2012)': '', 'LSHTM Data Compass 340': 'Y', 'LSHTM Data Compass 859': 'Y', 'LSHTM Data Compass 1134': 'Y', 'LSHTM Data Compass 1600': 'Y', 'LSHTM Data Compass 1682': 'Y', 'LSHTM Data Compass 2036': 'Y', 'Manchester Clinical Codes 1 (QOF v24)': '', 'Manchester Clinical Codes 2 (QOF v5)': '', 'Manchester Clinical Codes 5 (Kontopantelis et al., 2014)': '', 'Manchester Clinical Codes 6 (Doran et al., 2011)': 'Y', 'Manchester Clinical Codes 6_QOF (Doran et al., 2011)': '', 'Manchester Clinical Codes 9 (Kontopantelis et al., 2014)': '', 'Manchester Clinical Codes 21 (Kontopantelis et al., 2015)': '', 'Manchester Clinical Codes 26 (Reilly et al., 2015)': '', 'Manchester Clinical Codes 43 (Kontopantelis et al., 2012)': 'Y', 'Manchester Clinical Codes 43_conservative (Kontopantelis et al., 2012)': '', 'Manchester Clinical Codes 43_QOF (Kontopantelis et al., 2012)': '', 'TargetCOPD_Emis (Jordan et al., 2016)': '', 'TargetCOPD_SystemOne (Jordan et al., 2016)': '', 'QOF v36 (2016-2017)': '', 'Chen et al., 2020': 'Y', 'Cole et al., 2020': '', 'Kerkhof et al., 2020': '', 'Patel et al., 2020': 'Y', 'Rockenschaub et al., 2020': ''}",1,6360,Chronic obstructive pulmonary disease (COPD) Primary care -  1,"{'id': 5, 'name': 'Read codes v2', 'description': 'Read codes v2'}",PH797,2221,Chronic obstructive pulmonary disease (COPD) Primary care,1
2480,6360,"2022-01-17T14:00:10.339428Z",2802,3836,1,2802,3782,168946,"8CeD.00",Preferred place of care for next exacerbation of COPD,"{'CPRD GOLD Med': '103558', 'BREATHE Chronic bronchitis': '', 'BREATHE Emphysema': '', 'BREATHE incident COPD': '', 'BREATHE prevalent COPD': '', 'BREATHE COPD exacerbations': '', 'BREATHE recommended': '', 'Validated, Quint et al., 2014': '', 'Cambridge COP087 (QOF 2012)': '', 'Cambridge COP151 (QOF 2012)': '', 'LSHTM Data Compass 340': '', 'LSHTM Data Compass 859': '', 'LSHTM Data Compass 1134': 'Y', 'LSHTM Data Compass 1600': '', 'LSHTM Data Compass 1682': '', 'LSHTM Data Compass 2036': 'Y', 'Manchester Clinical Codes 1 (QOF v24)': '', 'Manchester Clinical Codes 2 (QOF v5)': '', 'Manchester Clinical Codes 5 (Kontopantelis et al., 2014)': '', 'Manchester Clinical Codes 6 (Doran et al., 2011)': '', 'Manchester Clinical Codes 6_QOF (Doran et al., 2011)': '', 'Manchester Clinical Codes 9 (Kontopantelis et al., 2014)': '', 'Manchester Clinical Codes 21 (Kontopantelis et al., 2015)': '', 'Manchester Clinical Codes 26 (Reilly et al., 2015)': '', 'Manchester Clinical Codes 43 (Kontopantelis et al., 2012)': '', 'Manchester Clinical Codes 43_conservative (Kontopantelis et al., 2012)': '', 'Manchester Clinical Codes 43_QOF (Kontopantelis et al., 2012)': '', 'TargetCOPD_Emis (Jordan et al., 2016)': '', 'TargetCOPD_SystemOne (Jordan et al., 2016)': '', 'QOF v36 (2016-2017)': '', 'Chen et al., 2020': 'Y', 'Cole et al., 2020': '', 'Kerkhof et al., 2020': '', 'Patel et al., 2020': '', 'Rockenschaub et al., 2020': ''}",1,6360,Chronic obstructive pulmonary disease (COPD) Primary care -  1,"{'id': 5, 'name': 'Read codes v2', 'description': 'Read codes v2'}",PH797,2221,Chronic obstructive pulmonary disease (COPD) Primary care,1
2480,6360,"2022-01-17T14:00:10.339428Z",2802,3836,1,2802,3782,168947,"8H2R.00",Admit COPD emergency,"{'CPRD GOLD Med': '11019', 'BREATHE Chronic bronchitis': 'Y', 'BREATHE Emphysema': 'Y', 'BREATHE incident COPD': '', 'BREATHE prevalent COPD': '', 'BREATHE COPD exacerbations': 'Y', 'BREATHE recommended': 'Y', 'Validated, Quint et al., 2014': '', 'Cambridge COP087 (QOF 2012)': '', 'Cambridge COP151 (QOF 2012)': '', 'LSHTM Data Compass 340': 'Y', 'LSHTM Data Compass 859': 'Y', 'LSHTM Data Compass 1134': 'Y', 'LSHTM Data Compass 1600': 'Y', 'LSHTM Data Compass 1682': 'Y', 'LSHTM Data Compass 2036': 'Y', 'Manchester Clinical Codes 1 (QOF v24)': '', 'Manchester Clinical Codes 2 (QOF v5)': '', 'Manchester Clinical Codes 5 (Kontopantelis et al., 2014)': '', 'Manchester Clinical Codes 6 (Doran et al., 2011)': 'Y', 'Manchester Clinical Codes 6_QOF (Doran et al., 2011)': '', 'Manchester Clinical Codes 9 (Kontopantelis et al., 2014)': '', 'Manchester Clinical Codes 21 (Kontopantelis et al., 2015)': '', 'Manchester Clinical Codes 26 (Reilly et al., 2015)': '', 'Manchester Clinical Codes 43 (Kontopantelis et al., 2012)': 'Y', 'Manchester Clinical Codes 43_conservative (Kontopantelis et al., 2012)': '', 'Manchester Clinical Codes 43_QOF (Kontopantelis et al., 2012)': '', 'TargetCOPD_Emis (Jordan et al., 2016)': '', 'TargetCOPD_SystemOne (Jordan et al., 2016)': '', 'QOF v36 (2016-2017)': '', 'Chen et al., 2020': 'Y', 'Cole et al., 2020': '', 'Kerkhof et al., 2020': '', 'Patel et al., 2020': 'Y', 'Rockenschaub et al., 2020': ''}",1,6360,Chronic obstructive pulmonary disease (COPD) Primary care -  1,"{'id': 5, 'name': 'Read codes v2', 'description': 'Read codes v2'}",PH797,2221,Chronic obstructive pulmonary disease (COPD) Primary care,1
2480,6360,"2022-01-17T14:00:10.339428Z",2802,3836,1,2802,3782,168977,H312200,Acute exacerbation of chronic obstructive airways disease,"{'CPRD GOLD Med': '1446', 'BREATHE Chronic bronchitis': 'Y', 'BREATHE Emphysema': 'Y', 'BREATHE incident COPD': '', 'BREATHE prevalent COPD': '', 'BREATHE COPD exacerbations': 'Y', 'BREATHE recommended': 'Y', 'Validated, Quint et al., 2014': '', 'Cambridge COP087 (QOF 2012)': 'Y', 'Cambridge COP151 (QOF 2012)': 'Y', 'LSHTM Data Compass 340': 'Y', 'LSHTM Data Compass 859': 'Y', 'LSHTM Data Compass 1134': 'Y', 'LSHTM Data Compass 1600': 'Y', 'LSHTM Data Compass 1682': 'Y', 'LSHTM Data Compass 2036': 'Y', 'Manchester Clinical Codes 1 (QOF v24)': 'Y', 'Manchester Clinical Codes 2 (QOF v5)': 'Y', 'Manchester Clinical Codes 5 (Kontopantelis et al., 2014)': '', 'Manchester Clinical Codes 6 (Doran et al., 2011)': 'Y', 'Manchester Clinical Codes 6_QOF (Doran et al., 2011)': '', 'Manchester Clinical Codes 9 (Kontopantelis et al., 2014)': '', 'Manchester Clinical Codes 21 (Kontopantelis et al., 2015)': '', 'Manchester Clinical Codes 26 (Reilly et al., 2015)': '', 'Manchester Clinical Codes 43 (Kontopantelis et al., 2012)': 'Y', 'Manchester Clinical Codes 43_conservative (Kontopantelis et al., 2012)': '', 'Manchester Clinical Codes 43_QOF (Kontopantelis et al., 2012)': '', 'TargetCOPD_Emis (Jordan et al., 2016)': '', 'TargetCOPD_SystemOne (Jordan et al., 2016)': '', 'QOF v36 (2016-2017)': '', 'Chen et al., 2020': 'Y', 'Cole et al., 2020': '', 'Kerkhof et al., 2020': '', 'Patel et al., 2020': 'Y', 'Rockenschaub et al., 2020': ''}",1,6360,Chronic obstructive pulmonary disease (COPD) Primary care -  1,"{'id': 5, 'name': 'Read codes v2', 'description': 'Read codes v2'}",PH797,2221,Chronic obstructive pulmonary disease (COPD) Primary care,1
2480,6360,"2022-01-17T14:00:10.339428Z",2802,3836,1,2802,3782,169006,H3y1.00,"Chron obstruct pulmonary dis wth acute exacerbation, unspec","{'CPRD GOLD Med': '7884', 'BREATHE Chronic bronchitis': 'Y', 'BREATHE Emphysema': 'Y', 'BREATHE incident COPD': 'Y', 'BREATHE prevalent COPD': 'Y', 'BREATHE COPD exacerbations': 'Y', 'BREATHE recommended': 'Y', 'Validated, Quint et al., 2014': '', 'Cambridge COP087 (QOF 2012)': 'Y', 'Cambridge COP151 (QOF 2012)': 'Y', 'LSHTM Data Compass 340': 'Y', 'LSHTM Data Compass 859': 'Y', 'LSHTM Data Compass 1134': 'Y', 'LSHTM Data Compass 1600': 'Y', 'LSHTM Data Compass 1682': 'Y', 'LSHTM Data Compass 2036': 'Y', 'Manchester Clinical Codes 1 (QOF v24)': 'Y', 'Manchester Clinical Codes 2 (QOF v5)': 'Y', 'Manchester Clinical Codes 5 (Kontopantelis et al., 2014)': '', 'Manchester Clinical Codes 6 (Doran et al., 2011)': '', 'Manchester Clinical Codes 6_QOF (Doran et al., 2011)': '', 'Manchester Clinical Codes 9 (Kontopantelis et al., 2014)': '', 'Manchester Clinical Codes 21 (Kontopantelis et al., 2015)': '', 'Manchester Clinical Codes 26 (Reilly et al., 2015)': '', 'Manchester Clinical Codes 43 (Kontopantelis et al., 2012)': '', 'Manchester Clinical Codes 43_conservative (Kontopantelis et al., 2012)': '', 'Manchester Clinical Codes 43_QOF (Kontopantelis et al., 2012)': '', 'TargetCOPD_Emis (Jordan et al., 2016)': '', 'TargetCOPD_SystemOne (Jordan et al., 2016)': '', 'QOF v36 (2016-2017)': '', 'Chen et al., 2020': 'Y', 'Cole et al., 2020': '', 'Kerkhof et al., 2020': '', 'Patel et al., 2020': '', 'Rockenschaub et al., 2020': ''}",1,6360,Chronic obstructive pulmonary disease (COPD) Primary care -  1,"{'id': 5, 'name': 'Read codes v2', 'description': 'Read codes v2'}",PH797,2221,Chronic obstructive pulmonary disease (COPD) Primary care,1
2479,6358,"2022-01-17T14:00:08.308940Z",2801,3835,1,2801,3781,168808,"2010061000006113",Acute non-infective exacerbation of chronic obstructive pulmonary disease,{},1,6358,Chronic obstructive pulmonary disease (COPD) Primary care - BREATHE recommended - 3,"{'id': 9, 'name': 'SNOMED  CT codes', 'description': 'SNOMED CT codes'}",PH797,2221,Chronic obstructive pulmonary disease (COPD) Primary care,1
2479,6358,"2022-01-17T14:00:08.308940Z",2801,3835,1,2801,3781,168809,"2160051010",Admit COPD emergency,{},1,6358,Chronic obstructive pulmonary disease (COPD) Primary care - BREATHE recommended - 3,"{'id': 9, 'name': 'SNOMED  CT codes', 'description': 'SNOMED CT codes'}",PH797,2221,Chronic obstructive pulmonary disease (COPD) Primary care,1
2479,6358,"2022-01-17T14:00:08.308940Z",2801,3835,1,2801,3781,168823,"301453013",Acute exacerbation of chronic obstructive airways disease,{},1,6358,Chronic obstructive pulmonary disease (COPD) Primary care - BREATHE recommended - 3,"{'id': 9, 'name': 'SNOMED  CT codes', 'description': 'SNOMED CT codes'}",PH797,2221,Chronic obstructive pulmonary disease (COPD) Primary care,1
2479,6358,"2022-01-17T14:00:08.308940Z",2801,3835,1,2801,3781,168840,"424365019",Acute infective exacerbation of chronic obstructive airways disease,{},1,6358,Chronic obstructive pulmonary disease (COPD) Primary care - BREATHE recommended - 3,"{'id': 9, 'name': 'SNOMED  CT codes', 'description': 'SNOMED CT codes'}",PH797,2221,Chronic obstructive pulmonary disease (COPD) Primary care,1
2479,6358,"2022-01-17T14:00:08.308940Z",2801,3835,1,2801,3781,168856,"553211000006119","Chron obstruct pulmonary dis wth acute exacerbation, unspec",{},1,6358,Chronic obstructive pulmonary disease (COPD) Primary care - BREATHE recommended - 3,"{'id': 9, 'name': 'SNOMED  CT codes', 'description': 'SNOMED CT codes'}",PH797,2221,Chronic obstructive pulmonary disease (COPD) Primary care,1
2479,6358,"2022-01-17T14:00:08.308940Z",2801,3835,1,2801,3781,168860,"851261000006116","Chronic bronchitis, acute exac",{},1,6358,Chronic obstructive pulmonary disease (COPD) Primary care - BREATHE recommended - 3,"{'id': 9, 'name': 'SNOMED  CT codes', 'description': 'SNOMED CT codes'}",PH797,2221,Chronic obstructive pulmonary disease (COPD) Primary care,1
2479,6358,"2022-01-17T14:00:08.308940Z",2801,3835,1,2801,3781,168871,"977891000006112",COPD accident and emergency attendance since last visit,{},1,6358,Chronic obstructive pulmonary disease (COPD) Primary care - BREATHE recommended - 3,"{'id': 9, 'name': 'SNOMED  CT codes', 'description': 'SNOMED CT codes'}",PH797,2221,Chronic obstructive pulmonary disease (COPD) Primary care,1
2479,6358,"2022-01-17T14:00:08.308940Z",2801,3835,1,2801,3781,168872,"977901000006111",Emergency COPD admission since last appointment,{},1,6358,Chronic obstructive pulmonary disease (COPD) Primary care - BREATHE recommended - 3,"{'id': 9, 'name': 'SNOMED  CT codes', 'description': 'SNOMED CT codes'}",PH797,2221,Chronic obstructive pulmonary disease (COPD) Primary care,1
2479,6358,"2022-01-17T14:00:08.308940Z",2801,3835,1,2801,3781,168875,"998281000006115",Multiple COPD emergency hospital admissions,{},1,6358,Chronic obstructive pulmonary disease (COPD) Primary care - BREATHE recommended - 3,"{'id': 9, 'name': 'SNOMED  CT codes', 'description': 'SNOMED CT codes'}",PH797,2221,Chronic obstructive pulmonary disease (COPD) Primary care,1
2478,6356,"2022-01-17T14:00:07.025162Z",2800,3834,1,2800,3780,168760,"66Yd.00",COPD accident and emergency attendance since last visit,{},1,6356,Chronic obstructive pulmonary disease (COPD) Primary care - BREATHE recommended - 1,"{'id': 5, 'name': 'Read codes v2', 'description': 'Read codes v2'}",PH797,2221,Chronic obstructive pulmonary disease (COPD) Primary care,1
2478,6356,"2022-01-17T14:00:07.025162Z",2800,3834,1,2800,3780,168761,"66Ye.00",Emergency COPD admission since last appointment,{},1,6356,Chronic obstructive pulmonary disease (COPD) Primary care - BREATHE recommended - 1,"{'id': 5, 'name': 'Read codes v2', 'description': 'Read codes v2'}",PH797,2221,Chronic obstructive pulmonary disease (COPD) Primary care,1
2478,6356,"2022-01-17T14:00:07.025162Z",2800,3834,1,2800,3780,168762,"66Yf.00",Number of COPD exacerbations in past year,{},1,6356,Chronic obstructive pulmonary disease (COPD) Primary care - BREATHE recommended - 1,"{'id': 5, 'name': 'Read codes v2', 'description': 'Read codes v2'}",PH797,2221,Chronic obstructive pulmonary disease (COPD) Primary care,1
2478,6356,"2022-01-17T14:00:07.025162Z",2800,3834,1,2800,3780,168763,"66Yi.00",Multiple COPD emergency hospital admissions,{},1,6356,Chronic obstructive pulmonary disease (COPD) Primary care - BREATHE recommended - 1,"{'id': 5, 'name': 'Read codes v2', 'description': 'Read codes v2'}",PH797,2221,Chronic obstructive pulmonary disease (COPD) Primary care,1
2478,6356,"2022-01-17T14:00:07.025162Z",2800,3834,1,2800,3780,168765,"8H2R.00",Admit COPD emergency,{},1,6356,Chronic obstructive pulmonary disease (COPD) Primary care - BREATHE recommended - 1,"{'id': 5, 'name': 'Read codes v2', 'description': 'Read codes v2'}",PH797,2221,Chronic obstructive pulmonary disease (COPD) Primary care,1
2478,6356,"2022-01-17T14:00:07.025162Z",2800,3834,1,2800,3780,168769,H312200,Acute exacerbation of chronic obstructive airways disease,{},1,6356,Chronic obstructive pulmonary disease (COPD) Primary care - BREATHE recommended - 1,"{'id': 5, 'name': 'Read codes v2', 'description': 'Read codes v2'}",PH797,2221,Chronic obstructive pulmonary disease (COPD) Primary care,1
2478,6356,"2022-01-17T14:00:07.025162Z",2800,3834,1,2800,3780,168780,H3y1.00,"Chron obstruct pulmonary dis wth acute exacerbation, unspec",{},1,6356,Chronic obstructive pulmonary disease (COPD) Primary care - BREATHE recommended - 1,"{'id': 5, 'name': 'Read codes v2', 'description': 'Read codes v2'}",PH797,2221,Chronic obstructive pulmonary disease (COPD) Primary care,1
2486,6372,"2022-01-17T14:00:19.180089Z",2808,3842,1,2808,3788,169363,J44.1,"Chronic obstructive pulmonary disease with acute exacerbation, unspecified","{'BREATHE Chronic bronchitis': 'Y', 'BREATHE Emphysema': 'Y', 'BREATHE incident COPD': 'Y', 'BREATHE prevalent COPD': 'Y', 'BREATHE COPD exacerbations': 'Y', 'BREATHE recommended': 'Y', 'LSHTM Data Compass - 2037': 'Y', 'Gershon et al., 2009': '', 'Duckworth et al., 2020': '', 'Ellingsen et al., 2020': '', 'Griffith et al., 2020': 'Y', 'Groot et al., 2020': '', 'Heinmuller et al., 2020': 'Y', 'Janson et al., 2020 & Stallberg et al., 2020': '', 'Joo et al., 2020': '', 'Peng et al., 2020': '', 'Petermann-Rocha et al., 2020': '', 'Pirina et al., 2020': 'Y', 'Rayner et al., 2020': '', 'Thomas et al., 2020': ''}",1,6372,Chronic obstructive pulmonary disease (COPD) Secondary care -  2,"{'id': 4, 'name': 'ICD10 codes', 'description': 'ICD10 Codes'}",PH798,2222,Chronic obstructive pulmonary disease (COPD) Secondary care,0
2481,6362,"2022-01-17T14:00:11.938099Z",2803,3837,1,2803,3783,169070,H3122,Acute exacerbation of chronic obstructive airways disease,"{'BREATHE recommended': '', 'OpenSAFELY: Current COPD': 'Y', 'QOF v36 (2016-2017)': ''}",1,6362,Chronic obstructive pulmonary disease (COPD) Primary care -  2,"{'id': 19, 'name': 'CTV3 codes', 'description': 'CTV3 codes'}",PH797,2221,Chronic obstructive pulmonary disease (COPD) Primary care,1
2481,6362,"2022-01-17T14:00:11.938099Z",2803,3837,1,2803,3783,169074,H3y1.,"Chron obstruct pulmonary dis wth acute exacerbation, unspec","{'BREATHE recommended': '', 'OpenSAFELY: Current COPD': 'Y', 'QOF v36 (2016-2017)': ''}",1,6362,Chronic obstructive pulmonary disease (COPD) Primary care -  2,"{'id': 19, 'name': 'CTV3 codes', 'description': 'CTV3 codes'}",PH797,2221,Chronic obstructive pulmonary disease (COPD) Primary care,1
2481,6362,"2022-01-17T14:00:11.938099Z",2803,3837,1,2803,3783,169076,X101i,"Chron obstruct pulmonary dis wth acute exacerbation, unspec","{'BREATHE recommended': '', 'OpenSAFELY: Current COPD': 'Y', 'QOF v36 (2016-2017)': ''}",1,6362,Chronic obstructive pulmonary disease (COPD) Primary care -  2,"{'id': 19, 'name': 'CTV3 codes', 'description': 'CTV3 codes'}",PH797,2221,Chronic obstructive pulmonary disease (COPD) Primary care,1
2481,6362,"2022-01-17T14:00:11.938099Z",2803,3837,1,2803,3783,169077,Xa35l,Acute infective exacerbation chronic obstruct airway disease,"{'BREATHE recommended': '', 'OpenSAFELY: Current COPD': 'Y', 'QOF v36 (2016-2017)': ''}",1,6362,Chronic obstructive pulmonary disease (COPD) Primary care -  2,"{'id': 19, 'name': 'CTV3 codes', 'description': 'CTV3 codes'}",PH797,2221,Chronic obstructive pulmonary disease (COPD) Primary care,1
2481,6362,"2022-01-17T14:00:11.938099Z",2803,3837,1,2803,3783,169086,XaJFu,Admit COPD emergency,"{'BREATHE recommended': '', 'OpenSAFELY: Current COPD': 'Y', 'QOF v36 (2016-2017)': ''}",1,6362,Chronic obstructive pulmonary disease (COPD) Primary care -  2,"{'id': 19, 'name': 'CTV3 codes', 'description': 'CTV3 codes'}",PH797,2221,Chronic obstructive pulmonary disease (COPD) Primary care,1
2481,6362,"2022-01-17T14:00:11.938099Z",2803,3837,1,2803,3783,169095,XaK8R,COPD accident and emergency attendance since last visit,"{'BREATHE recommended': '', 'OpenSAFELY: Current COPD': 'Y', 'QOF v36 (2016-2017)': ''}",1,6362,Chronic obstructive pulmonary disease (COPD) Primary care -  2,"{'id': 19, 'name': 'CTV3 codes', 'description': 'CTV3 codes'}",PH797,2221,Chronic obstructive pulmonary disease (COPD) Primary care,1
2481,6362,"2022-01-17T14:00:11.938099Z",2803,3837,1,2803,3783,169096,XaK8S,Emergency COPD admission since last appointment,"{'BREATHE recommended': '', 'OpenSAFELY: Current COPD': 'Y', 'QOF v36 (2016-2017)': ''}",1,6362,Chronic obstructive pulmonary disease (COPD) Primary care -  2,"{'id': 19, 'name': 'CTV3 codes', 'description': 'CTV3 codes'}",PH797,2221,Chronic obstructive pulmonary disease (COPD) Primary care,1
2481,6362,"2022-01-17T14:00:11.938099Z",2803,3837,1,2803,3783,169097,XaK8U,Number of COPD exacerbations in past year,"{'BREATHE recommended': '', 'OpenSAFELY: Current COPD': 'Y', 'QOF v36 (2016-2017)': ''}",1,6362,Chronic obstructive pulmonary disease (COPD) Primary care -  2,"{'id': 19, 'name': 'CTV3 codes', 'description': 'CTV3 codes'}",PH797,2221,Chronic obstructive pulmonary disease (COPD) Primary care,1
2481,6362,"2022-01-17T14:00:11.938099Z",2803,3837,1,2803,3783,169100,XaKzy,Multiple COPD emergency hospital admissions,"{'BREATHE recommended': '', 'OpenSAFELY: Current COPD': 'Y', 'QOF v36 (2016-2017)': ''}",1,6362,Chronic obstructive pulmonary disease (COPD) Primary care -  2,"{'id': 19, 'name': 'CTV3 codes', 'description': 'CTV3 codes'}",PH797,2221,Chronic obstructive pulmonary disease (COPD) Primary care,1
2481,6362,"2022-01-17T14:00:11.938099Z",2803,3837,1,2803,3783,169105,XaPzu,At risk of chronic obstructive pulmonary diseas exacerbation,"{'BREATHE recommended': '', 'OpenSAFELY: Current COPD': 'Y', 'QOF v36 (2016-2017)': ''}",1,6362,Chronic obstructive pulmonary disease (COPD) Primary care -  2,"{'id': 19, 'name': 'CTV3 codes', 'description': 'CTV3 codes'}",PH797,2221,Chronic obstructive pulmonary disease (COPD) Primary care,1
2481,6362,"2022-01-17T14:00:11.938099Z",2803,3837,1,2803,3783,169112,XaXzy,Preferred place of care for next exacerbation of COPD,"{'BREATHE recommended': '', 'OpenSAFELY: Current COPD': 'Y', 'QOF v36 (2016-2017)': ''}",1,6362,Chronic obstructive pulmonary disease (COPD) Primary care -  2,"{'id': 19, 'name': 'CTV3 codes', 'description': 'CTV3 codes'}",PH797,2221,Chronic obstructive pulmonary disease (COPD) Primary care,1
2481,6362,"2022-01-17T14:00:11.938099Z",2803,3837,1,2803,3783,169119,XaZd1,Acute non-infective exacerbation of COPD,"{'BREATHE recommended': '', 'OpenSAFELY: Current COPD': 'Y', 'QOF v36 (2016-2017)': ''}",1,6362,Chronic obstructive pulmonary disease (COPD) Primary care -  2,"{'id': 19, 'name': 'CTV3 codes', 'description': 'CTV3 codes'}",PH797,2221,Chronic obstructive pulmonary disease (COPD) Primary care,1
